dataset,context,embedding,method,fold_id,pearson_r,mse,sign_acc,n_train,n_test
adamson,dataset::all,minus,frozen_linear,0,0.062362969915072126,1.1923104524612427,0.5307291666666667,60,15
adamson,dataset::all,minus,frozen_linear,1,0.06214936096221209,1.1861655712127686,0.5197916666666667,60,15
adamson,dataset::all,minus,frozen_linear,2,0.15801881949106852,1.52590012550354,0.57109375,60,15
adamson,dataset::all,minus,frozen_linear,3,0.15216238548358282,0.819611132144928,0.5510416666666667,60,15
adamson,dataset::all,minus,frozen_linear,4,0.21073933634907008,1.9894237518310547,0.5658854166666667,60,15
adamson,dataset::all,minus,frozen_mlp,0,-0.011258264382680258,1.3228777647018433,0.5044270833333333,60,15
adamson,dataset::all,minus,frozen_mlp,1,0.07136431522667408,1.0782126188278198,0.5096354166666667,60,15
adamson,dataset::all,minus,frozen_mlp,2,0.19052084982395173,1.3196638822555542,0.5986979166666667,60,15
adamson,dataset::all,minus,frozen_mlp,3,0.17112293156484762,0.7663636803627014,0.5559895833333334,60,15
adamson,dataset::all,minus,frozen_mlp,4,0.22385487283269564,1.8275388479232788,0.5770833333333333,60,15
adamson,dataset::all,minus,frozen_backbone_trainable_head,0,0.0622502318272988,0.9721654057502747,0.5494791666666666,60,15
adamson,dataset::all,minus,frozen_backbone_trainable_head,1,0.13422806908686954,0.9145457148551941,0.54921875,60,15
adamson,dataset::all,minus,frozen_backbone_trainable_head,2,0.217179257919391,1.2585476636886597,0.5903645833333333,60,15
adamson,dataset::all,minus,frozen_backbone_trainable_head,3,0.2409966766834259,0.5771796703338623,0.6080729166666666,60,15
adamson,dataset::all,minus,frozen_backbone_trainable_head,4,0.22127798746029537,1.8009681701660156,0.5640625,60,15
adamson,dataset::all,baseline,frozen_linear,0,0.06725983396172523,1.300525426864624,0.5453125,60,15
adamson,dataset::all,baseline,frozen_linear,1,0.06185127273201942,1.2127337455749512,0.5145833333333333,60,15
adamson,dataset::all,baseline,frozen_linear,2,0.09635383561253548,1.523133397102356,0.5484375,60,15
adamson,dataset::all,baseline,frozen_linear,3,0.1514582671225071,0.8808289766311646,0.5747395833333333,60,15
adamson,dataset::all,baseline,frozen_linear,4,0.1712634526193142,2.129793405532837,0.5598958333333334,60,15
adamson,dataset::all,baseline,frozen_mlp,0,0.02834686003625393,1.253184199333191,0.5497395833333333,60,15
adamson,dataset::all,baseline,frozen_mlp,1,0.08836409412324428,0.957671582698822,0.5221354166666666,60,15
adamson,dataset::all,baseline,frozen_mlp,2,0.1468879647552967,1.3935357332229614,0.5731770833333333,60,15
adamson,dataset::all,baseline,frozen_mlp,3,0.09910216058293979,0.8110561370849609,0.5671875,60,15
adamson,dataset::all,baseline,frozen_mlp,4,0.13895725707213083,2.1915879249572754,0.5489583333333333,60,15
adamson,dataset::all,baseline,frozen_backbone_trainable_head,0,0.10375148405631383,1.144924283027649,0.5638020833333334,60,15
adamson,dataset::all,baseline,frozen_backbone_trainable_head,1,0.13018537064393362,0.9362614750862122,0.5536458333333333,60,15
adamson,dataset::all,baseline,frozen_backbone_trainable_head,2,0.18299538580079874,1.2530231475830078,0.58046875,60,15
adamson,dataset::all,baseline,frozen_backbone_trainable_head,3,0.188625268638134,0.6415912508964539,0.6015625,60,15
adamson,dataset::all,baseline,frozen_backbone_trainable_head,4,0.24273308999836446,1.8812930583953857,0.5893229166666667,60,15
adamson,dataset::all,scGPT_human,frozen_linear,0,0.08373900453249614,1.083720326423645,0.53515625,60,15
adamson,dataset::all,scGPT_human,frozen_linear,1,0.162776671970884,0.9057693481445312,0.5536458333333333,60,15
adamson,dataset::all,scGPT_human,frozen_linear,2,0.2213227078318596,1.1160141229629517,0.57421875,60,15
adamson,dataset::all,scGPT_human,frozen_linear,3,0.1747071356823047,0.5572722554206848,0.5809895833333333,60,15
adamson,dataset::all,scGPT_human,frozen_linear,4,0.20907940566539765,2.0957467555999756,0.55234375,60,15
adamson,dataset::all,scGPT_human,frozen_mlp,0,0.07780120025078456,1.3106104135513306,0.52421875,60,15
adamson,dataset::all,scGPT_human,frozen_mlp,1,-0.015338775018850963,1.1385520696640015,0.49375,60,15
adamson,dataset::all,scGPT_human,frozen_mlp,2,0.09393329061567783,1.2281464338302612,0.5393229166666667,60,15
adamson,dataset::all,scGPT_human,frozen_mlp,3,0.0960872037957112,0.7200958728790283,0.53828125,60,15
adamson,dataset::all,scGPT_human,frozen_mlp,4,-0.003577844301859538,2.5468058586120605,0.4901041666666667,60,15
adamson,dataset::all,scGPT_human,frozen_backbone_trainable_head,0,0.0889472151796023,1.0827032327651978,0.5356770833333333,60,15
adamson,dataset::all,scGPT_human,frozen_backbone_trainable_head,1,0.19360150583088398,0.8494044542312622,0.56796875,60,15
adamson,dataset::all,scGPT_human,frozen_backbone_trainable_head,2,0.21749744390447934,1.139808177947998,0.5796875,60,15
adamson,dataset::all,scGPT_human,frozen_backbone_trainable_head,3,0.13571511631210645,0.5270833969116211,0.56953125,60,15
adamson,dataset::all,scGPT_human,frozen_backbone_trainable_head,4,0.18945301671822865,2.086735486984253,0.5481770833333334,60,15
adamson,dataset::all,v4_bias_rec_best,frozen_linear,0,0.1251393529276053,1.5613353252410889,0.5731770833333333,60,15
adamson,dataset::all,v4_bias_rec_best,frozen_linear,1,0.18468036279082298,1.4030174016952515,0.5778645833333333,60,15
adamson,dataset::all,v4_bias_rec_best,frozen_linear,2,0.23981000731388727,1.6129993200302124,0.6046875,60,15
adamson,dataset::all,v4_bias_rec_best,frozen_linear,3,0.19761485358079275,0.99989253282547,0.5692708333333333,60,15
adamson,dataset::all,v4_bias_rec_best,frozen_linear,4,0.17886985316872597,2.4537460803985596,0.5401041666666667,60,15
adamson,dataset::all,v4_bias_rec_best,frozen_mlp,0,0.08352263818184534,1.2878632545471191,0.54765625,60,15
adamson,dataset::all,v4_bias_rec_best,frozen_mlp,1,0.06278215299050013,1.2811896800994873,0.5375,60,15
adamson,dataset::all,v4_bias_rec_best,frozen_mlp,2,0.22291463414827983,1.393481731414795,0.5971354166666667,60,15
adamson,dataset::all,v4_bias_rec_best,frozen_mlp,3,0.13497510546197494,0.8615189790725708,0.5611979166666666,60,15
adamson,dataset::all,v4_bias_rec_best,frozen_mlp,4,0.20789146348834037,2.1250336170196533,0.5572916666666666,60,15
adamson,dataset::all,v4_bias_rec_best,frozen_backbone_trainable_head,0,0.13195319759349028,1.181860327720642,0.5721354166666667,60,15
adamson,dataset::all,v4_bias_rec_best,frozen_backbone_trainable_head,1,0.2550334853430589,1.031851053237915,0.6158854166666666,60,15
adamson,dataset::all,v4_bias_rec_best,frozen_backbone_trainable_head,2,0.30974594354629514,1.1673352718353271,0.6268229166666667,60,15
adamson,dataset::all,v4_bias_rec_best,frozen_backbone_trainable_head,3,0.19933849424123765,0.6717254519462585,0.5755208333333334,60,15
adamson,dataset::all,v4_bias_rec_best,frozen_backbone_trainable_head,4,0.22680295296013356,1.8907220363616943,0.5671875,60,15
adamson,dataset::all,v4_plain_best,frozen_linear,0,-0.08024797141551972,1.4254661798477173,0.4895833333333333,60,15
adamson,dataset::all,v4_plain_best,frozen_linear,1,0.1553075869878133,1.217692255973816,0.56328125,60,15
adamson,dataset::all,v4_plain_best,frozen_linear,2,0.163238712400198,1.7179419994354248,0.55234375,60,15
adamson,dataset::all,v4_plain_best,frozen_linear,3,0.18642637220521768,0.9088602066040039,0.5666666666666667,60,15
adamson,dataset::all,v4_plain_best,frozen_linear,4,0.1190279807895422,2.26503849029541,0.5270833333333333,60,15
adamson,dataset::all,v4_plain_best,frozen_mlp,0,-0.029486909974366426,1.3446940183639526,0.4830729166666667,60,15
adamson,dataset::all,v4_plain_best,frozen_mlp,1,0.1357009407132864,1.007177472114563,0.5466145833333333,60,15
adamson,dataset::all,v4_plain_best,frozen_mlp,2,0.18786788967748483,1.4773014783859253,0.5794270833333334,60,15
adamson,dataset::all,v4_plain_best,frozen_mlp,3,0.15077259490887324,0.7505598664283752,0.5580729166666667,60,15
adamson,dataset::all,v4_plain_best,frozen_mlp,4,0.10991072344283263,2.2928452491760254,0.5356770833333333,60,15
adamson,dataset::all,v4_plain_best,frozen_backbone_trainable_head,0,-0.057081954926252364,1.1725715398788452,0.50625,60,15
adamson,dataset::all,v4_plain_best,frozen_backbone_trainable_head,1,0.1671372542778651,0.9411433339118958,0.5705729166666667,60,15
adamson,dataset::all,v4_plain_best,frozen_backbone_trainable_head,2,0.21569330592950184,1.2776683568954468,0.58515625,60,15
adamson,dataset::all,v4_plain_best,frozen_backbone_trainable_head,3,0.21268716330329576,0.5795377492904663,0.5877604166666667,60,15
adamson,dataset::all,v4_plain_best,frozen_backbone_trainable_head,4,0.14422861138979595,2.0873613357543945,0.5424479166666667,60,15
adamson,dataset::all,v4_type_pe_best,frozen_linear,0,-0.01226764836659034,1.4637516736984253,0.5,60,15
adamson,dataset::all,v4_type_pe_best,frozen_linear,1,0.1452721153696378,1.1821024417877197,0.55,60,15
adamson,dataset::all,v4_type_pe_best,frozen_linear,2,0.16132742315530776,1.4180504083633423,0.578125,60,15
adamson,dataset::all,v4_type_pe_best,frozen_linear,3,0.06908960243066152,0.8480948209762573,0.5440104166666667,60,15
adamson,dataset::all,v4_type_pe_best,frozen_linear,4,0.22712048888206482,2.241590976715088,0.5890625,60,15
adamson,dataset::all,v4_type_pe_best,frozen_mlp,0,0.03936974157889684,1.2404534816741943,0.5364583333333334,60,15
adamson,dataset::all,v4_type_pe_best,frozen_mlp,1,0.10528308848539988,1.024003267288208,0.5330729166666667,60,15
adamson,dataset::all,v4_type_pe_best,frozen_mlp,2,0.1364073783159256,1.432409644126892,0.5674479166666667,60,15
adamson,dataset::all,v4_type_pe_best,frozen_mlp,3,0.19634288027882577,0.7503842115402222,0.5986979166666667,60,15
adamson,dataset::all,v4_type_pe_best,frozen_mlp,4,0.18315945379436016,2.2693355083465576,0.5700520833333333,60,15
adamson,dataset::all,v4_type_pe_best,frozen_backbone_trainable_head,0,0.08390039081374805,1.1523535251617432,0.5505208333333333,60,15
adamson,dataset::all,v4_type_pe_best,frozen_backbone_trainable_head,1,0.1504584261526664,0.9671037197113037,0.5552083333333333,60,15
adamson,dataset::all,v4_type_pe_best,frozen_backbone_trainable_head,2,0.18984060920774937,1.2170885801315308,0.59140625,60,15
adamson,dataset::all,v4_type_pe_best,frozen_backbone_trainable_head,3,0.14261025823652745,0.5797519683837891,0.5583333333333333,60,15
adamson,dataset::all,v4_type_pe_best,frozen_backbone_trainable_head,4,0.2884654072423776,1.9368611574172974,0.6143229166666667,60,15
dixit,dataset::all,minus,frozen_linear,0,0.9622791409492493,0.8956947326660156,0.99609375,18,1
dixit,dataset::all,minus,frozen_linear,1,-0.9520201683044434,1.9238548278808594,0.00390625,18,1
dixit,dataset::all,minus,frozen_linear,2,0.987276554107666,0.20877547562122345,1.0,18,1
dixit,dataset::all,minus,frozen_linear,3,0.9844776391983032,0.023120634257793427,1.0,18,1
dixit,dataset::all,minus,frozen_linear,4,0.9624667167663574,0.6493380665779114,1.0,18,1
dixit,dataset::all,minus,frozen_linear,5,-0.9801366329193115,2.163410186767578,0.00390625,18,1
dixit,dataset::all,minus,frozen_linear,6,0.9193901419639587,0.5744531154632568,0.99609375,18,1
dixit,dataset::all,minus,frozen_linear,7,-0.9151744842529297,1.8321478366851807,0.015625,18,1
dixit,dataset::all,minus,frozen_linear,8,0.9834259152412415,0.525837242603302,1.0,18,1
dixit,dataset::all,minus,frozen_linear,9,0.9876027703285217,0.28429681062698364,1.0,18,1
dixit,dataset::all,minus,frozen_linear,10,-0.9858670234680176,2.3282406330108643,0.0,18,1
dixit,dataset::all,minus,frozen_linear,11,0.9859763383865356,0.3898513913154602,1.0,18,1
dixit,dataset::all,minus,frozen_linear,12,0.9895608425140381,0.09061787277460098,1.0,18,1
dixit,dataset::all,minus,frozen_linear,13,0.9937032461166382,0.02043977938592434,1.0,18,1
dixit,dataset::all,minus,frozen_linear,14,-0.868662416934967,1.1853456497192383,0.0390625,18,1
dixit,dataset::all,minus,frozen_linear,15,0.9721455574035645,0.07697868347167969,1.0,18,1
dixit,dataset::all,minus,frozen_linear,16,0.980704665184021,0.14587220549583435,1.0,18,1
dixit,dataset::all,minus,frozen_linear,17,-0.9815958738327026,3.798295021057129,0.0,18,1
dixit,dataset::all,minus,frozen_linear,18,0.986414909362793,0.08207346498966217,1.0,18,1
dixit,dataset::all,baseline,frozen_linear,0,0.9827613830566406,0.6972895860671997,0.99609375,18,1
dixit,dataset::all,baseline,frozen_linear,1,0.9811320304870605,0.5399034023284912,1.0,18,1
dixit,dataset::all,baseline,frozen_linear,2,0.9794688820838928,0.6565757989883423,1.0,18,1
dixit,dataset::all,baseline,frozen_linear,3,0.8265742659568787,0.4953186810016632,0.93359375,18,1
dixit,dataset::all,baseline,frozen_linear,4,0.8490070104598999,1.017870306968689,0.97265625,18,1
dixit,dataset::all,baseline,frozen_linear,5,-0.9624046087265015,2.2678518295288086,0.0,18,1
dixit,dataset::all,baseline,frozen_linear,6,0.9218918681144714,0.7992085218429565,0.99609375,18,1
dixit,dataset::all,baseline,frozen_linear,7,-0.21591593325138092,1.394498586654663,0.37890625,18,1
dixit,dataset::all,baseline,frozen_linear,8,0.9908549189567566,0.19926205277442932,1.0,18,1
dixit,dataset::all,baseline,frozen_linear,9,-0.9916195869445801,4.176182746887207,0.0,18,1
dixit,dataset::all,baseline,frozen_linear,10,-0.9748426675796509,1.984328269958496,0.0,18,1
dixit,dataset::all,baseline,frozen_linear,11,0.9899746775627136,0.09907694160938263,1.0,18,1
dixit,dataset::all,baseline,frozen_linear,12,0.9917199611663818,0.06406837701797485,1.0,18,1
dixit,dataset::all,baseline,frozen_linear,13,0.9936214685440063,0.02882891148328781,1.0,18,1
dixit,dataset::all,baseline,frozen_linear,14,0.989834189414978,0.08451065421104431,1.0,18,1
dixit,dataset::all,baseline,frozen_linear,15,0.9723058938980103,0.1399102509021759,1.0,18,1
dixit,dataset::all,baseline,frozen_linear,16,0.9752610921859741,0.238111212849617,1.0,18,1
dixit,dataset::all,baseline,frozen_linear,17,-0.9803351163864136,3.3482847213745117,0.0,18,1
dixit,dataset::all,baseline,frozen_linear,18,0.9875530004501343,0.0441487655043602,1.0,18,1
dixit,dataset::all,scGPT_human,frozen_linear,0,0.988359272480011,0.4314518868923187,1.0,18,1
dixit,dataset::all,scGPT_human,frozen_linear,1,-0.9849434494972229,2.300218105316162,0.0,18,1
dixit,dataset::all,scGPT_human,frozen_linear,2,0.9611549377441406,0.9458107948303223,1.0,18,1
dixit,dataset::all,scGPT_human,frozen_linear,3,-0.9791352152824402,0.9064546823501587,0.0,18,1
dixit,dataset::all,scGPT_human,frozen_linear,4,0.968452513217926,0.8486590385437012,1.0,18,1
dixit,dataset::all,scGPT_human,frozen_linear,5,-0.986790657043457,2.268958568572998,0.0,18,1
dixit,dataset::all,scGPT_human,frozen_linear,6,0.9301415681838989,0.23540088534355164,0.99609375,18,1
dixit,dataset::all,scGPT_human,frozen_linear,7,0.9914655089378357,0.3976058065891266,1.0,18,1
dixit,dataset::all,scGPT_human,frozen_linear,8,0.9883679151535034,0.46888917684555054,1.0,18,1
dixit,dataset::all,scGPT_human,frozen_linear,9,-0.9859879016876221,1.6089675426483154,0.0,18,1
dixit,dataset::all,scGPT_human,frozen_linear,10,-0.9942874908447266,2.4718852043151855,0.0,18,1
dixit,dataset::all,scGPT_human,frozen_linear,11,0.9884413480758667,0.4614448547363281,1.0,18,1
dixit,dataset::all,scGPT_human,frozen_linear,12,0.9909601211547852,0.11039483547210693,1.0,18,1
dixit,dataset::all,scGPT_human,frozen_linear,13,0.9951874017715454,0.07558188587427139,1.0,18,1
dixit,dataset::all,scGPT_human,frozen_linear,14,0.9599857926368713,0.6853030920028687,1.0,18,1
dixit,dataset::all,scGPT_human,frozen_linear,15,0.9735465049743652,0.12244445830583572,1.0,18,1
dixit,dataset::all,scGPT_human,frozen_linear,16,0.9823939800262451,0.18162158131599426,1.0,18,1
dixit,dataset::all,scGPT_human,frozen_linear,17,-0.9819855690002441,2.7716593742370605,0.0,18,1
dixit,dataset::all,scGPT_human,frozen_linear,18,0.9852268695831299,0.08489817380905151,1.0,18,1
dixit,dataset::all,v4_bias_rec_best,frozen_linear,0,0.9887515306472778,0.16504353284835815,1.0,18,1
dixit,dataset::all,v4_bias_rec_best,frozen_linear,1,0.9193925261497498,0.8644964098930359,0.9921875,18,1
dixit,dataset::all,v4_bias_rec_best,frozen_linear,2,0.969085156917572,0.6300906538963318,0.99609375,18,1
dixit,dataset::all,v4_bias_rec_best,frozen_linear,3,0.9041564464569092,0.42572879791259766,0.9921875,18,1
dixit,dataset::all,v4_bias_rec_best,frozen_linear,4,0.7984285354614258,1.1123254299163818,0.94140625,18,1
dixit,dataset::all,v4_bias_rec_best,frozen_linear,5,-0.727325439453125,1.5078492164611816,0.1171875,18,1
dixit,dataset::all,v4_bias_rec_best,frozen_linear,6,0.9290406703948975,0.3236238956451416,0.99609375,18,1
dixit,dataset::all,v4_bias_rec_best,frozen_linear,7,0.9815804958343506,0.19928625226020813,1.0,18,1
dixit,dataset::all,v4_bias_rec_best,frozen_linear,8,0.9884128570556641,0.39594465494155884,1.0,18,1
dixit,dataset::all,v4_bias_rec_best,frozen_linear,9,0.15953680872917175,1.0183018445968628,0.671875,18,1
dixit,dataset::all,v4_bias_rec_best,frozen_linear,10,-0.00550403818488121,1.0202291011810303,0.48046875,18,1
dixit,dataset::all,v4_bias_rec_best,frozen_linear,11,0.9907428622245789,0.0187259279191494,1.0,18,1
dixit,dataset::all,v4_bias_rec_best,frozen_linear,12,0.9874330759048462,0.13360141217708588,1.0,18,1
dixit,dataset::all,v4_bias_rec_best,frozen_linear,13,0.9941632151603699,0.06172679364681244,1.0,18,1
dixit,dataset::all,v4_bias_rec_best,frozen_linear,14,0.9014774560928345,0.6401225328445435,0.9765625,18,1
dixit,dataset::all,v4_bias_rec_best,frozen_linear,15,0.9755991697311401,0.04400085657835007,1.0,18,1
dixit,dataset::all,v4_bias_rec_best,frozen_linear,16,0.9827855229377747,0.034573234617710114,1.0,18,1
dixit,dataset::all,v4_bias_rec_best,frozen_linear,17,-0.9819241762161255,4.047764778137207,0.0,18,1
dixit,dataset::all,v4_bias_rec_best,frozen_linear,18,0.9841069579124451,0.1780237853527069,1.0,18,1
dixit,dataset::all,v4_plain_best,frozen_linear,0,0.9894893169403076,0.3831609785556793,1.0,18,1
dixit,dataset::all,v4_plain_best,frozen_linear,1,0.9617900848388672,0.842534065246582,1.0,18,1
dixit,dataset::all,v4_plain_best,frozen_linear,2,0.9616928696632385,0.889076828956604,1.0,18,1
dixit,dataset::all,v4_plain_best,frozen_linear,3,-0.5203635692596436,0.749948263168335,0.22265625,18,1
dixit,dataset::all,v4_plain_best,frozen_linear,4,0.8600890040397644,1.0003453493118286,0.96875,18,1
dixit,dataset::all,v4_plain_best,frozen_linear,5,-0.9763831496238708,2.462615489959717,0.0,18,1
dixit,dataset::all,v4_plain_best,frozen_linear,6,0.9295589923858643,0.23887920379638672,0.99609375,18,1
dixit,dataset::all,v4_plain_best,frozen_linear,7,0.9728723764419556,0.7646120190620422,1.0,18,1
dixit,dataset::all,v4_plain_best,frozen_linear,8,0.9495494365692139,0.7533836960792542,1.0,18,1
dixit,dataset::all,v4_plain_best,frozen_linear,9,-0.9897589683532715,3.976466178894043,0.0,18,1
dixit,dataset::all,v4_plain_best,frozen_linear,10,0.6451753973960876,0.8998619318008423,0.82421875,18,1
dixit,dataset::all,v4_plain_best,frozen_linear,11,0.98881596326828,0.022104308009147644,1.0,18,1
dixit,dataset::all,v4_plain_best,frozen_linear,12,0.9783173203468323,0.4649638831615448,1.0,18,1
dixit,dataset::all,v4_plain_best,frozen_linear,13,0.9937072992324829,0.06238802894949913,1.0,18,1
dixit,dataset::all,v4_plain_best,frozen_linear,14,-0.8256468772888184,1.2823169231414795,0.0546875,18,1
dixit,dataset::all,v4_plain_best,frozen_linear,15,0.9729551672935486,0.09561076015233994,1.0,18,1
dixit,dataset::all,v4_plain_best,frozen_linear,16,0.9821987152099609,0.08154989778995514,1.0,18,1
dixit,dataset::all,v4_plain_best,frozen_linear,17,-0.9814563989639282,2.747673511505127,0.0,18,1
dixit,dataset::all,v4_plain_best,frozen_linear,18,0.9874439835548401,0.026316959410905838,1.0,18,1
dixit,dataset::all,v4_type_pe_best,frozen_linear,0,0.978050947189331,0.5847773551940918,1.0,18,1
dixit,dataset::all,v4_type_pe_best,frozen_linear,1,-0.8682308197021484,1.7092831134796143,0.02734375,18,1
dixit,dataset::all,v4_type_pe_best,frozen_linear,2,0.943926990032196,0.8431880474090576,1.0,18,1
dixit,dataset::all,v4_type_pe_best,frozen_linear,3,-0.9860500693321228,2.0780763626098633,0.00390625,18,1
dixit,dataset::all,v4_type_pe_best,frozen_linear,4,0.9895923137664795,0.36775296926498413,1.0,18,1
dixit,dataset::all,v4_type_pe_best,frozen_linear,5,-0.9852368831634521,2.4425771236419678,0.0,18,1
dixit,dataset::all,v4_type_pe_best,frozen_linear,6,0.9295016527175903,0.5424248576164246,0.99609375,18,1
dixit,dataset::all,v4_type_pe_best,frozen_linear,7,0.988968014717102,0.2981128692626953,1.0,18,1
dixit,dataset::all,v4_type_pe_best,frozen_linear,8,0.9606634378433228,0.8153007626533508,1.0,18,1
dixit,dataset::all,v4_type_pe_best,frozen_linear,9,-0.9888081550598145,3.307222843170166,0.0,18,1
dixit,dataset::all,v4_type_pe_best,frozen_linear,10,-0.9912534952163696,2.107635021209717,0.0,18,1
dixit,dataset::all,v4_type_pe_best,frozen_linear,11,0.986577033996582,0.14868395030498505,1.0,18,1
dixit,dataset::all,v4_type_pe_best,frozen_linear,12,0.9921966791152954,0.02004411071538925,1.0,18,1
dixit,dataset::all,v4_type_pe_best,frozen_linear,13,0.992923378944397,0.033398352563381195,1.0,18,1
dixit,dataset::all,v4_type_pe_best,frozen_linear,14,0.9240862131118774,0.7327275276184082,0.99609375,18,1
dixit,dataset::all,v4_type_pe_best,frozen_linear,15,0.9732372760772705,0.0481271967291832,1.0,18,1
dixit,dataset::all,v4_type_pe_best,frozen_linear,16,0.9665611386299133,0.3228386640548706,1.0,18,1
dixit,dataset::all,v4_type_pe_best,frozen_linear,17,-0.9819760322570801,3.965109348297119,0.0,18,1
dixit,dataset::all,v4_type_pe_best,frozen_linear,18,0.9855526685714722,0.13034288585186005,1.0,18,1
norman,dataset::all,minus,frozen_linear,0,0.02187691107392311,1.6971700191497803,0.5224609375,80,20
norman,dataset::all,minus,frozen_linear,1,0.11219845712184906,2.4211630821228027,0.548046875,80,20
norman,dataset::all,minus,frozen_linear,2,0.06486287554726004,1.6896263360977173,0.53359375,80,20
norman,dataset::all,minus,frozen_linear,3,0.03516253512352705,1.5537402629852295,0.502734375,80,20
norman,dataset::all,minus,frozen_linear,4,-0.0022044483572244643,1.5424407720565796,0.4904296875,80,20
norman,dataset::all,minus,frozen_mlp,0,-0.04902362348511815,1.4889103174209595,0.4794921875,80,20
norman,dataset::all,minus,frozen_mlp,1,0.040642300993204115,2.3369171619415283,0.5203125,80,20
norman,dataset::all,minus,frozen_mlp,2,-0.0058889415115118025,1.552917242050171,0.509375,80,20
norman,dataset::all,minus,frozen_mlp,3,-0.007340984838083387,1.234877109527588,0.4779296875,80,20
norman,dataset::all,minus,frozen_mlp,4,0.06263862326741218,1.1040222644805908,0.526171875,80,20
norman,dataset::all,minus,frozen_backbone_trainable_head,0,-0.011137641221284866,1.182547926902771,0.4998046875,80,20
norman,dataset::all,minus,frozen_backbone_trainable_head,1,0.08133009290322661,2.0863404273986816,0.5349609375,80,20
norman,dataset::all,minus,frozen_backbone_trainable_head,2,0.08216340262442827,1.2039092779159546,0.5376953125,80,20
norman,dataset::all,minus,frozen_backbone_trainable_head,3,0.020782498456537724,1.0615986585617065,0.50234375,80,20
norman,dataset::all,minus,frozen_backbone_trainable_head,4,-0.016292611695826055,1.0605785846710205,0.4935546875,80,20
norman,dataset::all,baseline,frozen_linear,0,0.00864604078233242,1.6935720443725586,0.4916015625,80,20
norman,dataset::all,baseline,frozen_linear,1,0.14980095364153384,2.2310357093811035,0.5546875,80,20
norman,dataset::all,baseline,frozen_linear,2,0.0976185092702508,1.625383734703064,0.5396484375,80,20
norman,dataset::all,baseline,frozen_linear,3,0.01967950351536274,1.3013484477996826,0.50546875,80,20
norman,dataset::all,baseline,frozen_linear,4,0.21881127431988717,1.1418319940567017,0.584375,80,20
norman,dataset::all,baseline,frozen_mlp,0,0.05688696233555675,1.4293394088745117,0.5140625,80,20
norman,dataset::all,baseline,frozen_mlp,1,0.0942553433123976,2.1280112266540527,0.53671875,80,20
norman,dataset::all,baseline,frozen_mlp,2,0.10370236271992325,1.4418394565582275,0.5435546875,80,20
norman,dataset::all,baseline,frozen_mlp,3,0.04339728411287069,1.1497552394866943,0.5162109375,80,20
norman,dataset::all,baseline,frozen_mlp,4,0.18221311867237092,1.0056349039077759,0.5783203125,80,20
norman,dataset::all,baseline,frozen_backbone_trainable_head,0,0.03768373969942331,1.2173552513122559,0.4982421875,80,20
norman,dataset::all,baseline,frozen_backbone_trainable_head,1,0.18816540325060488,1.898528814315796,0.573046875,80,20
norman,dataset::all,baseline,frozen_backbone_trainable_head,2,0.15935450932011008,1.1840856075286865,0.5640625,80,20
norman,dataset::all,baseline,frozen_backbone_trainable_head,3,0.014445751532912254,0.9057184457778931,0.5021484375,80,20
norman,dataset::all,baseline,frozen_backbone_trainable_head,4,0.24069551154971122,0.8211383819580078,0.6033203125,80,20
norman,dataset::all,scGPT_human,frozen_linear,0,0.08847338389605283,1.2188829183578491,0.546875,80,20
norman,dataset::all,scGPT_human,frozen_linear,1,0.02715045679360628,2.123565196990967,0.51015625,80,20
norman,dataset::all,scGPT_human,frozen_linear,2,0.1254344407469034,1.2400386333465576,0.5474609375,80,20
norman,dataset::all,scGPT_human,frozen_linear,3,0.04193709497340024,0.9451522827148438,0.516796875,80,20
norman,dataset::all,scGPT_human,frozen_linear,4,0.20456361919641494,0.7962899804115295,0.5736328125,80,20
norman,dataset::all,scGPT_human,frozen_mlp,0,0.057902198005467656,1.4222675561904907,0.5197265625,80,20
norman,dataset::all,scGPT_human,frozen_mlp,1,0.019235263206064702,2.3120803833007812,0.513671875,80,20
norman,dataset::all,scGPT_human,frozen_mlp,2,0.07056675404310227,1.37249755859375,0.534765625,80,20
norman,dataset::all,scGPT_human,frozen_mlp,3,-0.038729578629136084,1.1338846683502197,0.4796875,80,20
norman,dataset::all,scGPT_human,frozen_mlp,4,0.1565832476131618,0.9392904043197632,0.5638671875,80,20
norman,dataset::all,scGPT_human,frozen_backbone_trainable_head,0,0.045892993733286855,1.096073865890503,0.515234375,80,20
norman,dataset::all,scGPT_human,frozen_backbone_trainable_head,1,0.00412415862083435,2.030545711517334,0.494921875,80,20
norman,dataset::all,scGPT_human,frozen_backbone_trainable_head,2,0.11535566318780184,1.1790059804916382,0.5443359375,80,20
norman,dataset::all,scGPT_human,frozen_backbone_trainable_head,3,0.06923994412645698,0.8609336018562317,0.5318359375,80,20
norman,dataset::all,scGPT_human,frozen_backbone_trainable_head,4,0.1261856616474688,0.7611506581306458,0.5349609375,80,20
norman,dataset::all,v4_bias_rec_best,frozen_linear,0,-0.006185662187635899,1.975419282913208,0.4994140625,80,20
norman,dataset::all,v4_bias_rec_best,frozen_linear,1,0.033037072699517014,2.7153313159942627,0.5072265625,80,20
norman,dataset::all,v4_bias_rec_best,frozen_linear,2,0.030186521261930464,1.872552514076233,0.5162109375,80,20
norman,dataset::all,v4_bias_rec_best,frozen_linear,3,0.13731634821742772,1.8014253377914429,0.558984375,80,20
norman,dataset::all,v4_bias_rec_best,frozen_linear,4,0.08247319757938384,1.6135174036026,0.5416015625,80,20
norman,dataset::all,v4_bias_rec_best,frozen_mlp,0,0.022624415531754493,1.5371735095977783,0.50859375,80,20
norman,dataset::all,v4_bias_rec_best,frozen_mlp,1,0.06981701869517565,2.5072288513183594,0.5263671875,80,20
norman,dataset::all,v4_bias_rec_best,frozen_mlp,2,0.10501074250787497,1.4789495468139648,0.5451171875,80,20
norman,dataset::all,v4_bias_rec_best,frozen_mlp,3,0.11574790403246879,1.210409164428711,0.5462890625,80,20
norman,dataset::all,v4_bias_rec_best,frozen_mlp,4,0.046010331623256205,1.2740777730941772,0.5232421875,80,20
norman,dataset::all,v4_bias_rec_best,frozen_backbone_trainable_head,0,0.08993833847343921,1.1820080280303955,0.5392578125,80,20
norman,dataset::all,v4_bias_rec_best,frozen_backbone_trainable_head,1,0.09887364208698272,2.073883533477783,0.543359375,80,20
norman,dataset::all,v4_bias_rec_best,frozen_backbone_trainable_head,2,0.11487336559221148,1.273424506187439,0.5546875,80,20
norman,dataset::all,v4_bias_rec_best,frozen_backbone_trainable_head,3,0.13603690918534994,0.957114577293396,0.5533203125,80,20
norman,dataset::all,v4_bias_rec_best,frozen_backbone_trainable_head,4,0.10213327761739492,0.9645775556564331,0.543359375,80,20
norman,dataset::all,v4_plain_best,frozen_linear,0,0.041080947243608536,1.5407850742340088,0.4998046875,80,20
norman,dataset::all,v4_plain_best,frozen_linear,1,0.08116494296118618,2.448815107345581,0.533984375,80,20
norman,dataset::all,v4_plain_best,frozen_linear,2,0.10065264254808426,1.6145553588867188,0.5353515625,80,20
norman,dataset::all,v4_plain_best,frozen_linear,3,0.06816182928159834,1.2645883560180664,0.5302734375,80,20
norman,dataset::all,v4_plain_best,frozen_linear,4,0.11763993240892887,1.255932092666626,0.550390625,80,20
norman,dataset::all,v4_plain_best,frozen_mlp,0,0.036332698864862324,1.4822800159454346,0.5017578125,80,20
norman,dataset::all,v4_plain_best,frozen_mlp,1,0.047248469293117525,2.396355152130127,0.509375,80,20
norman,dataset::all,v4_plain_best,frozen_mlp,2,0.13916830401867628,1.378431797027588,0.5697265625,80,20
norman,dataset::all,v4_plain_best,frozen_mlp,3,0.07337748184800148,1.1043120622634888,0.5314453125,80,20
norman,dataset::all,v4_plain_best,frozen_mlp,4,0.05850192797370255,1.1897470951080322,0.533203125,80,20
norman,dataset::all,v4_plain_best,frozen_backbone_trainable_head,0,0.03983591352589429,1.1678014993667603,0.4884765625,80,20
norman,dataset::all,v4_plain_best,frozen_backbone_trainable_head,1,0.11073493286967277,2.0963358879089355,0.5408203125,80,20
norman,dataset::all,v4_plain_best,frozen_backbone_trainable_head,2,0.11800914481282235,1.2350986003875732,0.555859375,80,20
norman,dataset::all,v4_plain_best,frozen_backbone_trainable_head,3,0.07156444415450096,0.8927625417709351,0.5310546875,80,20
norman,dataset::all,v4_plain_best,frozen_backbone_trainable_head,4,0.14179158322513102,0.8992471694946289,0.5572265625,80,20
norman,dataset::all,v4_type_pe_best,frozen_linear,0,0.031241961102932692,1.5745080709457397,0.5134765625,80,20
norman,dataset::all,v4_type_pe_best,frozen_linear,1,-0.008039950765669346,2.7812116146087646,0.494921875,80,20
norman,dataset::all,v4_type_pe_best,frozen_linear,2,0.13601673766970634,1.7596514225006104,0.55703125,80,20
norman,dataset::all,v4_type_pe_best,frozen_linear,3,-0.04810327272862196,1.6389315128326416,0.4689453125,80,20
norman,dataset::all,v4_type_pe_best,frozen_linear,4,0.08596530063077808,1.2380307912826538,0.53359375,80,20
norman,dataset::all,v4_type_pe_best,frozen_mlp,0,0.01587762264534831,1.5216312408447266,0.5076171875,80,20
norman,dataset::all,v4_type_pe_best,frozen_mlp,1,0.019054819643497468,2.435424327850342,0.5021484375,80,20
norman,dataset::all,v4_type_pe_best,frozen_mlp,2,0.09714656369760633,1.4508380889892578,0.54296875,80,20
norman,dataset::all,v4_type_pe_best,frozen_mlp,3,-0.03616003966890276,1.3339812755584717,0.4759765625,80,20
norman,dataset::all,v4_type_pe_best,frozen_mlp,4,0.12823509266600014,1.1161243915557861,0.5525390625,80,20
norman,dataset::all,v4_type_pe_best,frozen_backbone_trainable_head,0,0.05025040488690138,1.1570839881896973,0.5216796875,80,20
norman,dataset::all,v4_type_pe_best,frozen_backbone_trainable_head,1,0.034369562193751334,2.200112819671631,0.5076171875,80,20
norman,dataset::all,v4_type_pe_best,frozen_backbone_trainable_head,2,0.19104739725589753,1.2295523881912231,0.571484375,80,20
norman,dataset::all,v4_type_pe_best,frozen_backbone_trainable_head,3,-0.024539781175553797,1.0845465660095215,0.476171875,80,20
norman,dataset::all,v4_type_pe_best,frozen_backbone_trainable_head,4,0.14767505982890725,0.8683875203132629,0.55859375,80,20
