train_dataset,test_dataset,protocol,embedding,clf,mean_auroc,std_auroc,mean_auprc,std_auprc,n
hESC,hHep,coverage_matched,baseline,lr,0.6531334,0.018391702537829402,0.6904546,0.016782583491226848,5
hESC,hHep,coverage_matched,baseline,mlp,0.6629658,0.00806198502603423,0.6814642,0.011891144728746684,5
hESC,hHep,coverage_matched,minus,lr,0.6569614,0.012144162722888707,0.6598548,0.018062893072816444,5
hESC,hHep,coverage_matched,minus,mlp,0.6876592,0.007551204364867908,0.7051862,0.006546925153077608,5
hESC,hHep,coverage_matched,scGPT_human,lr,0.6395834,0.008854663711287984,0.6376562,0.012820136744980542,5
hESC,hHep,coverage_matched,scGPT_human,mlp,0.6273842,0.014703313509546054,0.6235862,0.01851288094705953,5
hESC,hHep,native,baseline,lr,0.6548322,0.010014150755805515,0.6663138,0.00838249002146735,5
hESC,hHep,native,baseline,mlp,0.6783448,0.010362722661540239,0.6848344,0.012507585132230764,5
hESC,hHep,native,minus,lr,0.5686356,0.01392660974681202,0.575192,0.013449044888020846,5
hESC,hHep,native,minus,mlp,0.6013174,0.006287439816014133,0.6195822,0.009471305768477737,5
hESC,hHep,native,scGPT_human,lr,0.625951,0.007169772241849816,0.6438678,0.005986838878740599,5
hESC,hHep,native,scGPT_human,mlp,0.6371384,0.012137244342930564,0.6534448,0.01968741749849379,5
hESC,hHep,strict,baseline,lr,0.5779788,0.014415658325584701,0.5943078,0.015231350647923515,5
hESC,hHep,strict,baseline,mlp,0.5967062,0.012436145743758405,0.6081008,0.00945133483482625,5
hESC,hHep,strict,minus,lr,0.511248,0.009639862177438023,0.497554,0.008910688929594617,5
hESC,hHep,strict,minus,mlp,0.5398472,0.005927213591562248,0.5543878,0.008422659874410217,5
hESC,hHep,strict,scGPT_human,lr,0.5641086,0.004666646359003412,0.5672452,0.012205414985161304,5
hESC,hHep,strict,scGPT_human,mlp,0.5509974,0.008384435880844946,0.5520700000000001,0.008569382148089793,5
hESC,mDC,coverage_matched,baseline,lr,0.5279808,0.045384438198131295,0.5866250000000001,0.03433789623142338,5
hESC,mDC,coverage_matched,baseline,mlp,0.6189846,0.09412967897236238,0.6731454,0.07311006529500572,5
hESC,mDC,coverage_matched,minus,lr,0.4760708,0.046578028212452265,0.5845826000000001,0.036739959235687784,5
hESC,mDC,coverage_matched,minus,mlp,0.461892,0.02770047672513959,0.5683344,0.020332257401479033,5
hESC,mDC,coverage_matched,scGPT_human,lr,0.67616,0.03892856602547798,0.6705364,0.03563470429005969,5
hESC,mDC,coverage_matched,scGPT_human,mlp,0.6545696,0.05062430231657517,0.6697754,0.04831874803262188,5
hESC,mDC,native,baseline,lr,0.584424,0.01766671727288351,0.6405314,0.024780420324118774,5
hESC,mDC,native,baseline,mlp,0.5280452,0.03393058551454721,0.5905252,0.02875166463633018,5
hESC,mDC,native,minus,lr,0.2896224,0.02357851928005657,0.447338,0.008997332493578303,5
hESC,mDC,native,minus,mlp,0.2906642,0.014509804676838364,0.4467722,0.006092185729276481,5
hESC,mDC,native,scGPT_human,lr,0.5056404,0.05085480750764867,0.608267,0.047703533952947345,5
hESC,mDC,native,scGPT_human,mlp,0.5818276,0.011991482820735729,0.6449952,0.016747868227329724,5
hESC,mDC,strict,baseline,lr,0.6411948,0.03409188435625111,0.7168572,0.03158071548524511,5
hESC,mDC,strict,baseline,mlp,0.5206814,0.043915792852230275,0.6040352,0.0271513124868762,5
hESC,mDC,strict,minus,lr,0.4644876,0.05162017436080585,0.5772714,0.025887688785212182,5
hESC,mDC,strict,minus,mlp,0.40448860000000003,0.02811639257515089,0.538424,0.017477785900965836,5
hESC,mDC,strict,scGPT_human,lr,0.7127596,0.03283285249015077,0.756948,0.027742574098306022,5
hESC,mDC,strict,scGPT_human,mlp,0.594806,0.06772343299331479,0.6807092,0.05058060138590684,5
hESC,mHSC-E,coverage_matched,baseline,lr,0.4761934,0.061554546144375076,0.4131806,0.03874619989934496,5
hESC,mHSC-E,coverage_matched,baseline,mlp,0.4961938,0.09043070356997117,0.458453,0.08681215775454494,5
hESC,mHSC-E,coverage_matched,minus,lr,0.425171,0.032716468635841496,0.4221786,0.015827651178870465,5
hESC,mHSC-E,coverage_matched,minus,mlp,0.4404204,0.028245211138173493,0.431481,0.020612349337229857,5
hESC,mHSC-E,coverage_matched,scGPT_human,lr,0.5442656,0.022018529002637767,0.43632499999999996,0.01683486042710186,5
hESC,mHSC-E,coverage_matched,scGPT_human,mlp,0.5448573999999999,0.03471334582894595,0.43635860000000004,0.02848272039395114,5
hESC,mHSC-E,native,baseline,lr,0.5359118,0.01589692817370702,0.5394388,0.012183899924080099,5
hESC,mHSC-E,native,baseline,mlp,0.5624764,0.011113461919671996,0.558144,0.00822745105120656,5
hESC,mHSC-E,native,minus,lr,0.566363,0.029003525627068174,0.5769362,0.021858607607988214,5
hESC,mHSC-E,native,minus,mlp,0.5867146,0.007500196893415529,0.5993642,0.007916286841695425,5
hESC,mHSC-E,native,scGPT_human,lr,0.6152029999999999,0.006515873540823206,0.6245958,0.0072938684221748856,5
hESC,mHSC-E,native,scGPT_human,mlp,0.5949592,0.021704337395092237,0.6016366000000001,0.022252288705659012,5
hESC,mHSC-E,strict,baseline,lr,0.5106088,0.010105685674905988,0.5907124,0.016384892304803233,5
hESC,mHSC-E,strict,baseline,mlp,0.47856940000000003,0.02418829604250783,0.541662,0.01884938640911156,5
hESC,mHSC-E,strict,minus,lr,0.5581446,0.026391109810691937,0.5780308,0.018376370886548844,5
hESC,mHSC-E,strict,minus,mlp,0.4898856,0.04573593294817543,0.5262974,0.02652834361659241,5
hESC,mHSC-E,strict,scGPT_human,lr,0.5272894,0.019848824182807385,0.5851988,0.015415345476504897,5
hESC,mHSC-E,strict,scGPT_human,mlp,0.4619272,0.03151984410113732,0.5204098,0.028885593138448785,5
hESC,mHSC-GM,coverage_matched,baseline,lr,0.8125332,0.005073628500392985,0.7490376,0.009721897296310024,5
hESC,mHSC-GM,coverage_matched,baseline,mlp,0.7896118,0.01998675921103772,0.7344432,0.02566954168192336,5
hESC,mHSC-GM,coverage_matched,minus,lr,0.7945512,0.016942150080789635,0.7869072,0.015644652292716547,5
hESC,mHSC-GM,coverage_matched,minus,mlp,0.7645738,0.03504415928168344,0.7500224,0.0465219110209372,5
hESC,mHSC-GM,coverage_matched,scGPT_human,lr,0.639706,0.028419110063476676,0.6151692,0.025530546945962587,5
hESC,mHSC-GM,coverage_matched,scGPT_human,mlp,0.6434724,0.020755160299067793,0.6191078,0.03094985960808223,5
hESC,mHSC-GM,native,baseline,lr,0.6938194,0.010724736352936595,0.6899526,0.009027681886287334,5
hESC,mHSC-GM,native,baseline,mlp,0.736017,0.008970845244457158,0.7147998,0.00928863049970232,5
hESC,mHSC-GM,native,minus,lr,0.7349441999999999,0.009387424809818686,0.730898,0.008303294526873048,5
hESC,mHSC-GM,native,minus,mlp,0.7557581999999999,0.005987840525598541,0.7351712,0.009991560867051776,5
hESC,mHSC-GM,native,scGPT_human,lr,0.731143,0.009505704645106548,0.7081494,0.011502298459003746,5
hESC,mHSC-GM,native,scGPT_human,mlp,0.770118,0.009724740366714174,0.7552828,0.011742415073569806,5
hESC,mHSC-GM,strict,baseline,lr,0.6697364,0.019456997657398237,0.6185568,0.013873469319532164,5
hESC,mHSC-GM,strict,baseline,mlp,0.675555,0.016494374895703087,0.6362402,0.01407056310742397,5
hESC,mHSC-GM,strict,minus,lr,0.6398626,0.010456850244696074,0.5694852,0.01503929832671723,5
hESC,mHSC-GM,strict,minus,mlp,0.6543602,0.03627570245991107,0.6060966,0.03789182606103857,5
hESC,mHSC-GM,strict,scGPT_human,lr,0.6898066,0.012762558749717873,0.6390192,0.015476925526731716,5
hESC,mHSC-GM,strict,scGPT_human,mlp,0.6525878,0.025267242749457252,0.6032486,0.03283842425330424,5
hESC,mHSC-L,coverage_matched,baseline,lr,0.5756676000000001,0.014316916687611201,0.5774878,0.014510835419092845,5
hESC,mHSC-L,coverage_matched,baseline,mlp,0.5992472,0.03162846905178939,0.6050136,0.036120293833799284,5
hESC,mHSC-L,coverage_matched,minus,lr,0.5786824,0.021730153065268543,0.5729116000000001,0.023501078210158795,5
hESC,mHSC-L,coverage_matched,minus,mlp,0.5326488,0.04275594086627028,0.5423314,0.03603011383051684,5
hESC,mHSC-L,coverage_matched,scGPT_human,lr,0.688335,0.011105360705533147,0.6402706,0.00977295313812564,5
hESC,mHSC-L,coverage_matched,scGPT_human,mlp,0.617583,0.025091486093892473,0.5626256000000001,0.03166417090403599,5
hESC,mHSC-L,native,baseline,lr,0.6140082,0.0047473289921807806,0.5910572000000001,0.005316361327073252,5
hESC,mHSC-L,native,baseline,mlp,0.6632694,0.005647476094681576,0.6303375999999999,0.00523829623446404,5
hESC,mHSC-L,native,minus,lr,0.6512867999999999,0.011450304020417986,0.6112214,0.011880848632989119,5
hESC,mHSC-L,native,minus,mlp,0.6750166,0.00833633306916175,0.6263326,0.010650240384141566,5
hESC,mHSC-L,native,scGPT_human,lr,0.6612216,0.0061980739782613115,0.6183936,0.006195779905710016,5
hESC,mHSC-L,native,scGPT_human,mlp,0.6936412,0.007180678363497423,0.6586712,0.011732239537275053,5
hESC,mHSC-L,strict,baseline,lr,0.6145446,0.00897206630827033,0.582542,0.006953670340187243,5
hESC,mHSC-L,strict,baseline,mlp,0.635897,0.009794133223517057,0.6304626,0.007563768573931907,5
hESC,mHSC-L,strict,minus,lr,0.6054492,0.006516462089201482,0.573383,0.006159287880916112,5
hESC,mHSC-L,strict,minus,mlp,0.5900518,0.02709414097106606,0.5718838,0.029889735036630886,5
hESC,mHSC-L,strict,scGPT_human,lr,0.587441,0.009485485944325687,0.5598844,0.008128682121967856,5
hESC,mHSC-L,strict,scGPT_human,mlp,0.588998,0.01990231593558899,0.5635026,0.019890991967219752,5
hHep,hESC,coverage_matched,baseline,lr,0.7058954,0.014677219009062992,0.6551174,0.01755487021427385,5
hHep,hESC,coverage_matched,baseline,mlp,0.7468688,0.006696481476118625,0.6725844,0.01578372216684012,5
hHep,hESC,coverage_matched,minus,lr,0.6874666,0.013564119088241617,0.6930648,0.01252876518097453,5
hHep,hESC,coverage_matched,minus,mlp,0.7316984,0.011954336194034363,0.7285856,0.014012114038930745,5
hHep,hESC,coverage_matched,scGPT_human,lr,0.6170892,0.01863101850570708,0.5968102,0.01849806195686457,5
hHep,hESC,coverage_matched,scGPT_human,mlp,0.6732714,0.011325269985302793,0.6262822,0.009301721548186651,5
hHep,hESC,native,baseline,lr,0.6557306,0.018279875695419837,0.6395822,0.02211552385452356,5
hHep,hESC,native,baseline,mlp,0.7385536,0.013512456913529815,0.69202,0.010189902256646018,5
hHep,hESC,native,minus,lr,0.7195658,0.01901989831097949,0.700864,0.02606217551164904,5
hHep,hESC,native,minus,mlp,0.7552016,0.010213683735068368,0.7192598,0.010368279633574702,5
hHep,hESC,native,scGPT_human,lr,0.6644014,0.017891406413135875,0.646675,0.018005615190823106,5
hHep,hESC,native,scGPT_human,mlp,0.7399352,0.009134948393942884,0.6898382,0.010520568376280823,5
hHep,hESC,strict,baseline,lr,0.6825962,0.009483560711041004,0.5973178,0.007557468978434521,5
hHep,hESC,strict,baseline,mlp,0.7513874,0.007024402909856461,0.6359234,0.005851370594997397,5
hHep,hESC,strict,minus,lr,0.7178192,0.01258783310025997,0.6380272,0.015938203366753716,5
hHep,hESC,strict,minus,mlp,0.7371876,0.006117078864948549,0.6425544,0.012910951701559415,5
hHep,hESC,strict,scGPT_human,lr,0.6645346,0.010235440480995409,0.5932782,0.016782202589648347,5
hHep,hESC,strict,scGPT_human,mlp,0.7182454,0.014902649396667711,0.6051512,0.008944365319015102,5
hHep,mDC,coverage_matched,baseline,lr,0.4675164,0.07550193386821294,0.5554935999999999,0.0407963442999492,5
hHep,mDC,coverage_matched,baseline,mlp,0.5925524,0.0640031312252768,0.6299068,0.05078839884619321,5
hHep,mDC,coverage_matched,minus,lr,0.7379209999999999,0.04760168037790261,0.759499,0.043192940085157436,5
hHep,mDC,coverage_matched,minus,mlp,0.780486,0.036650288724647186,0.7996118,0.032642353980067054,5
hHep,mDC,coverage_matched,scGPT_human,lr,0.672251,0.03775729312331591,0.7014258,0.03329691946351796,5
hHep,mDC,coverage_matched,scGPT_human,mlp,0.7155094,0.03859962352458892,0.754065,0.03963012936138362,5
hHep,mDC,native,baseline,lr,0.5898142,0.07696413625423208,0.6363926,0.061162624788673015,5
hHep,mDC,native,baseline,mlp,0.638122,0.03614420474156267,0.655782,0.029347782832779744,5
hHep,mDC,native,minus,lr,0.49925959999999997,0.024603422864308933,0.5635104,0.01694739926478394,5
hHep,mDC,native,minus,mlp,0.5948946,0.033840760881516836,0.6406016,0.023546781135433337,5
hHep,mDC,native,scGPT_human,lr,0.505312,0.0430399450231991,0.5772916,0.032824000448452316,5
hHep,mDC,native,scGPT_human,mlp,0.5992178,0.03830214591064058,0.6429298,0.0341852732468237,5
hHep,mDC,strict,baseline,lr,0.6420002,0.031883792869732405,0.8278194,0.016215798575463392,5
hHep,mDC,strict,baseline,mlp,0.7232988,0.02116605037695982,0.8686886,0.011566218683735828,5
hHep,mDC,strict,minus,lr,0.847247,0.014938256712213792,0.9303396,0.009812320797854103,5
hHep,mDC,strict,minus,mlp,0.7963636,0.011964852955218444,0.9013668,0.005714425514432771,5
hHep,mDC,strict,scGPT_human,lr,0.7765972,0.055712304347962496,0.8915912,0.025566989994131095,5
hHep,mDC,strict,scGPT_human,mlp,0.8235326,0.02270461816987903,0.9146824,0.010998978054346673,5
hHep,mHSC-E,coverage_matched,baseline,lr,0.713094,0.011409207772672047,0.7259992,0.011357970195417826,5
hHep,mHSC-E,coverage_matched,baseline,mlp,0.718692,0.031442713578824596,0.7468134,0.025451744950788713,5
hHep,mHSC-E,coverage_matched,minus,lr,0.743107,0.012048735751106841,0.7728926,0.013455830180260153,5
hHep,mHSC-E,coverage_matched,minus,mlp,0.7506398,0.01085096232414437,0.7568528,0.014169905481689008,5
hHep,mHSC-E,coverage_matched,scGPT_human,lr,0.7312178,0.007723545905864733,0.7580774,0.009358282953619224,5
hHep,mHSC-E,coverage_matched,scGPT_human,mlp,0.7231342000000001,0.035643581679735824,0.7484748,0.03620894555437924,5
hHep,mHSC-E,native,baseline,lr,0.6259281999999999,0.01968001313414195,0.6640262,0.02111355705133554,5
hHep,mHSC-E,native,baseline,mlp,0.7025934,0.018056651036114087,0.7293878,0.017807692353586962,5
hHep,mHSC-E,native,minus,lr,0.63514,0.025091921185911602,0.6325774,0.026609531394596174,5
hHep,mHSC-E,native,minus,mlp,0.7171044,0.008069545627852908,0.7269052,0.008693917791191745,5
hHep,mHSC-E,native,scGPT_human,lr,0.6452824,0.006218296313299978,0.6644748,0.009082304209835768,5
hHep,mHSC-E,native,scGPT_human,mlp,0.7301714,0.006645074795666364,0.7450644,0.0042184434854576035,5
hHep,mHSC-E,strict,baseline,lr,0.8355144,0.004143088780125258,0.8414302,0.007519774874289775,5
hHep,mHSC-E,strict,baseline,mlp,0.8116944,0.021182470012725153,0.8273262,0.012778209536550875,5
hHep,mHSC-E,strict,minus,lr,0.8688954,0.008932068486078696,0.876973,0.007695181427360857,5
hHep,mHSC-E,strict,minus,mlp,0.8429260000000001,0.026188293881045398,0.8572256,0.024740197021042486,5
hHep,mHSC-E,strict,scGPT_human,lr,0.831583,0.006840111168687229,0.8439824,0.004259743400722629,5
hHep,mHSC-E,strict,scGPT_human,mlp,0.8430708,0.005884571195932629,0.8520340000000001,0.003144449331759055,5
hHep,mHSC-GM,coverage_matched,baseline,lr,0.7126828,0.011941431847144655,0.7259987999999999,0.009171376503011967,5
hHep,mHSC-GM,coverage_matched,baseline,mlp,0.6702656,0.07583678689818023,0.6972824,0.06686364528082503,5
hHep,mHSC-GM,coverage_matched,minus,lr,0.5887354,0.018270282653533285,0.6352318,0.01674700152743769,5
hHep,mHSC-GM,coverage_matched,minus,mlp,0.5948284,0.030942205135381026,0.6311398,0.0338718968727764,5
hHep,mHSC-GM,coverage_matched,scGPT_human,lr,0.6712562,0.015895619187688163,0.6817176,0.01951445669856068,5
hHep,mHSC-GM,coverage_matched,scGPT_human,mlp,0.686415,0.03604664801614709,0.6874011999999999,0.04342236386656076,5
hHep,mHSC-GM,native,baseline,lr,0.6641686,0.015636896579564605,0.6488334,0.012995263115458644,5
hHep,mHSC-GM,native,baseline,mlp,0.7528092,0.00909353465710666,0.7306898,0.01683420305687206,5
hHep,mHSC-GM,native,minus,lr,0.6680824,0.01684696005337463,0.655388,0.015981375998330057,5
hHep,mHSC-GM,native,minus,mlp,0.7329754,0.004423595216563121,0.7143264,0.004009102323463432,5
hHep,mHSC-GM,native,scGPT_human,lr,0.6813494,0.013237331885240296,0.691816,0.01172465469001112,5
hHep,mHSC-GM,native,scGPT_human,mlp,0.7442816,0.007543661567170162,0.7453538,0.012112679429424336,5
hHep,mHSC-GM,strict,baseline,lr,0.7508144,0.02965881171321604,0.4384358,0.03133602851287956,5
hHep,mHSC-GM,strict,baseline,mlp,0.7047788,0.0658354351680005,0.4112626,0.08268030279963905,5
hHep,mHSC-GM,strict,minus,lr,0.6589192,0.024488102910597213,0.4035272,0.034300194783120394,5
hHep,mHSC-GM,strict,minus,mlp,0.6812518,0.028316568121154784,0.4261774,0.041317255216676736,5
hHep,mHSC-GM,strict,scGPT_human,lr,0.6432664,0.017814645296496928,0.3470242,0.015198218466649309,5
hHep,mHSC-GM,strict,scGPT_human,mlp,0.6363292,0.0374733810131939,0.3383254,0.03458498848113151,5
hHep,mHSC-L,coverage_matched,baseline,lr,0.604453,0.015368945533119707,0.5749272,0.013248699534671322,5
hHep,mHSC-L,coverage_matched,baseline,mlp,0.6177876,0.01189100950466359,0.5979842,0.015504759777565092,5
hHep,mHSC-L,coverage_matched,minus,lr,0.6505026,0.01910630338500884,0.6196708,0.022790591176184937,5
hHep,mHSC-L,coverage_matched,minus,mlp,0.6175956,0.03921127833978383,0.5875522,0.03492145327674668,5
hHep,mHSC-L,coverage_matched,scGPT_human,lr,0.6302984,0.014715396570938878,0.5821,0.019370674515875794,5
hHep,mHSC-L,coverage_matched,scGPT_human,mlp,0.6144734,0.036964870548129886,0.5762214,0.038219052204888616,5
hHep,mHSC-L,native,baseline,lr,0.6029988000000001,0.006278167133805848,0.5547032000000001,0.010619462065472077,5
hHep,mHSC-L,native,baseline,mlp,0.6589842,0.008997298647927593,0.6001756,0.014472561163802333,5
hHep,mHSC-L,native,minus,lr,0.6281622,0.020247179807568266,0.6017471999999999,0.02078073976931524,5
hHep,mHSC-L,native,minus,mlp,0.6698504000000001,0.007141284131022934,0.6365914,0.009640352661599065,5
hHep,mHSC-L,native,scGPT_human,lr,0.626016,0.012027364948316806,0.6017042,0.014566602958823312,5
hHep,mHSC-L,native,scGPT_human,mlp,0.653325,0.009954548548276815,0.6176744,0.011712894187176791,5
hHep,mHSC-L,strict,baseline,lr,0.627695,0.012339049687881168,0.453233,0.0137938901257042,5
hHep,mHSC-L,strict,baseline,mlp,0.5970224,0.03132475007785375,0.384957,0.03691787640696577,5
hHep,mHSC-L,strict,minus,lr,0.5778168,0.014546725038990722,0.3734182,0.01695083340016059,5
hHep,mHSC-L,strict,minus,mlp,0.5654402,0.03581336895294826,0.3652674,0.03409283635369754,5
hHep,mHSC-L,strict,scGPT_human,lr,0.5740444,0.008084260030454258,0.360072,0.007579995329813874,5
hHep,mHSC-L,strict,scGPT_human,mlp,0.5774086,0.025334927965952454,0.369761,0.02448424867542397,5
mDC,hESC,coverage_matched,baseline,lr,0.404692,0.028806750215878214,0.4790244,0.029912596267124645,5
mDC,hESC,coverage_matched,baseline,mlp,0.40456179999999997,0.03368380168805178,0.4719644,0.02559873119199465,5
mDC,hESC,coverage_matched,minus,lr,0.4762442,0.04655219881981945,0.472214,0.03634277243139273,5
mDC,hESC,coverage_matched,minus,mlp,0.457277,0.021380444186218393,0.4326866,0.021029613934639892,5
mDC,hESC,coverage_matched,scGPT_human,lr,0.4668086,0.01195743998688683,0.4377812,0.008121694783725873,5
mDC,hESC,coverage_matched,scGPT_human,mlp,0.4904964,0.025256017458023753,0.46333599999999997,0.033204502935595945,5
mDC,hESC,native,baseline,lr,0.464744,0.010708237744839243,0.4751918,0.007200907231731287,5
mDC,hESC,native,baseline,mlp,0.4369442,0.026606816197358156,0.45150440000000003,0.018349653649047434,5
mDC,hESC,native,minus,lr,0.5257577999999999,0.03339435429769531,0.5258776000000001,0.02570106155472961,5
mDC,hESC,native,minus,mlp,0.5057768,0.015007615658724731,0.5056008,0.012836304661389113,5
mDC,hESC,native,scGPT_human,lr,0.501501,0.01362503266785074,0.495778,0.01306910211146887,5
mDC,hESC,native,scGPT_human,mlp,0.5286576000000001,0.02082833188327863,0.5160986000000001,0.021312055936488147,5
mDC,hESC,strict,baseline,lr,0.4998366,0.02025369200516291,0.2596478,0.023509090313323475,5
mDC,hESC,strict,baseline,mlp,0.4352942,0.07266094968660951,0.2080758,0.0369704704887563,5
mDC,hESC,strict,minus,lr,0.49199339999999997,0.03487125980861602,0.2986908,0.038809626364601876,5
mDC,hESC,strict,minus,mlp,0.43333340000000004,0.029477793082929384,0.251231,0.030925428980048124,5
mDC,hESC,strict,scGPT_human,lr,0.5312092,0.04143180483348513,0.27384539999999996,0.028110697846905182,5
mDC,hESC,strict,scGPT_human,mlp,0.5321896,0.029337096847506915,0.2890338,0.04943944039084586,5
mDC,hHep,coverage_matched,baseline,lr,0.6279680000000001,0.014664135760419023,0.6220066,0.015631342752303802,5
mDC,hHep,coverage_matched,baseline,mlp,0.6567094,0.021006839710913192,0.6342934,0.020177114477546065,5
mDC,hHep,coverage_matched,minus,lr,0.5169897999999999,0.009547540382737347,0.468821,0.014354966987074547,5
mDC,hHep,coverage_matched,minus,mlp,0.571608,0.038284744784313256,0.5107556,0.031881069998354834,5
mDC,hHep,coverage_matched,scGPT_human,lr,0.4652418,0.03268651342312298,0.5536162,0.018107202759123225,5
mDC,hHep,coverage_matched,scGPT_human,mlp,0.5594404,0.04314714203559721,0.6313264,0.03152946814394432,5
mDC,hHep,native,baseline,lr,0.5567626,0.019928037240029433,0.5772446,0.02234876047211568,5
mDC,hHep,native,baseline,mlp,0.5889658,0.020632649286022396,0.607707,0.025268193564241967,5
mDC,hHep,native,minus,lr,0.5780984,0.027150388252104255,0.5770964,0.02718494280737039,5
mDC,hHep,native,minus,mlp,0.6004108,0.013613527410630974,0.597786,0.01540255580090524,5
mDC,hHep,native,scGPT_human,lr,0.5421622,0.018323979954147498,0.5409982,0.016728112259307693,5
mDC,hHep,native,scGPT_human,mlp,0.5871698,0.012169106448708566,0.5878184,0.009200973505015657,5
mDC,hHep,strict,baseline,lr,0.6382728,0.06064254424214077,0.44357939999999996,0.07947810973242884,5
mDC,hHep,strict,baseline,mlp,0.7135914,0.046533661938858856,0.519665,0.08220219978808355,5
mDC,hHep,strict,minus,lr,0.6542708,0.12698017978629578,0.4740184,0.12143926695859128,5
mDC,hHep,strict,minus,mlp,0.6636306,0.04038300487878535,0.4313212,0.034557867870573265,5
mDC,hHep,strict,scGPT_human,lr,0.6178858,0.08067297740234955,0.4009952,0.0641102806370398,5
mDC,hHep,strict,scGPT_human,mlp,0.62476,0.06670269936666734,0.4129278,0.05550204488629226,5
mDC,mHSC-E,coverage_matched,baseline,lr,0.2972286,0.025062691328746004,0.3736426,0.018379364337212527,5
mDC,mHSC-E,coverage_matched,baseline,mlp,0.4373512,0.05309191594734553,0.45742,0.04395116529513182,5
mDC,mHSC-E,coverage_matched,minus,lr,0.5321098,0.042265780704489525,0.498276,0.03257989254125926,5
mDC,mHSC-E,coverage_matched,minus,mlp,0.562782,0.03329958930677673,0.5490308,0.04816399627688716,5
mDC,mHSC-E,coverage_matched,scGPT_human,lr,0.456108,0.016369039275412594,0.3479536,0.008294248431292619,5
mDC,mHSC-E,coverage_matched,scGPT_human,mlp,0.4365174,0.05119287274455305,0.3332358,0.04012829657685459,5
mDC,mHSC-E,native,baseline,lr,0.43959339999999997,0.02098884791121227,0.4633684,0.01648121454990499,5
mDC,mHSC-E,native,baseline,mlp,0.464318,0.043768397082826795,0.4876716,0.02716370855829521,5
mDC,mHSC-E,native,minus,lr,0.4484566,0.02136782956315405,0.4703434,0.01467186208495704,5
mDC,mHSC-E,native,minus,mlp,0.4623238,0.020575003060996123,0.5065286,0.016446137584247553,5
mDC,mHSC-E,native,scGPT_human,lr,0.489579,0.023565143114354294,0.4988656,0.017288579416481844,5
mDC,mHSC-E,native,scGPT_human,mlp,0.47923319999999997,0.023585854051952425,0.4982394,0.01636549041856064,5
mDC,mHSC-E,strict,baseline,lr,0.5972956,0.04133776299027319,0.448646,0.061054392317015184,5
mDC,mHSC-E,strict,baseline,mlp,0.6370398,0.06963481925129122,0.4458806,0.07358404419057166,5
mDC,mHSC-E,strict,minus,lr,0.6977318,0.01828136578486413,0.5282694,0.03469824549224357,5
mDC,mHSC-E,strict,minus,mlp,0.6807915999999999,0.038016399485485214,0.533152,0.06500168847653114,5
mDC,mHSC-E,strict,scGPT_human,lr,0.6407032,0.021738371681430033,0.4811142,0.044698324229885844,5
mDC,mHSC-E,strict,scGPT_human,mlp,0.6201736,0.040491350595404964,0.4181148,0.04988665043636423,5
mDC,mHSC-GM,coverage_matched,baseline,lr,0.470706,0.021039794922954942,0.5851068,0.019172431284529362,5
mDC,mHSC-GM,coverage_matched,baseline,mlp,0.5143302000000001,0.017053561028711858,0.630109,0.028529658476750135,5
mDC,mHSC-GM,coverage_matched,minus,lr,0.5030874,0.02220964610794148,0.477923,0.019388971700428064,5
mDC,mHSC-GM,coverage_matched,minus,mlp,0.49263,0.06817458326972009,0.4733292,0.05945682061933684,5
mDC,mHSC-GM,coverage_matched,scGPT_human,lr,0.5630104,0.032055301867865794,0.66871,0.024997773540857617,5
mDC,mHSC-GM,coverage_matched,scGPT_human,mlp,0.513628,0.033159295668032523,0.6084552,0.03892626119421182,5
mDC,mHSC-GM,native,baseline,lr,0.46759880000000004,0.026437744725297578,0.4972278,0.026505227102592437,5
mDC,mHSC-GM,native,baseline,mlp,0.4910712,0.02832102802795125,0.511942,0.02347272196401603,5
mDC,mHSC-GM,native,minus,lr,0.43175199999999997,0.01423031866122471,0.4611972,0.01206142076871544,5
mDC,mHSC-GM,native,minus,mlp,0.4723174,0.015785985260350396,0.4958376,0.01235328967684318,5
mDC,mHSC-GM,native,scGPT_human,lr,0.4319238,0.01364208625394224,0.4693396,0.008090537153984265,5
mDC,mHSC-GM,native,scGPT_human,mlp,0.4827516,0.02927869535754626,0.5137958,0.020382480167045414,5
mDC,mHSC-GM,strict,baseline,lr,0.5272894,0.021250894989152804,0.3868136,0.013857208241200673,5
mDC,mHSC-GM,strict,baseline,mlp,0.505711,0.012174963671403706,0.3746736,0.011791838374061945,5
mDC,mHSC-GM,strict,minus,lr,0.4494704,0.03600061969799967,0.3301244,0.03479330653214781,5
mDC,mHSC-GM,strict,minus,mlp,0.504292,0.016672399275449237,0.3993586,0.016662509458061824,5
mDC,mHSC-GM,strict,scGPT_human,lr,0.49619219999999997,0.02399888278566316,0.4056262,0.018629860164799956,5
mDC,mHSC-GM,strict,scGPT_human,mlp,0.5243436,0.014112132108225177,0.4088524,0.008499740104262013,5
mDC,mHSC-L,coverage_matched,baseline,lr,0.466148,0.026885874640784898,0.4346108,0.020469012046505815,5
mDC,mHSC-L,coverage_matched,baseline,mlp,0.473734,0.024697906891070744,0.45186899999999997,0.01935095553196275,5
mDC,mHSC-L,coverage_matched,minus,lr,0.6332884,0.02759950028967919,0.5503336,0.03822644250044726,5
mDC,mHSC-L,coverage_matched,minus,mlp,0.5666306,0.031858344185472065,0.4788424,0.03151642916702337,5
mDC,mHSC-L,coverage_matched,scGPT_human,lr,0.4234408,0.012591513116381216,0.4599942,0.013967014074597328,5
mDC,mHSC-L,coverage_matched,scGPT_human,mlp,0.430854,0.021630019519177496,0.4698372,0.015841315720608574,5
mDC,mHSC-L,native,baseline,lr,0.5115132,0.006475420338479986,0.506697,0.013049732640939435,5
mDC,mHSC-L,native,baseline,mlp,0.4970554,0.018279943080874182,0.4852306,0.016705035427678688,5
mDC,mHSC-L,native,minus,lr,0.4540378,0.013917367213665094,0.4587788,0.014397868292216036,5
mDC,mHSC-L,native,minus,mlp,0.4441156,0.01720892221610638,0.4501214,0.007830040296192596,5
mDC,mHSC-L,native,scGPT_human,lr,0.4545656,0.017157460436789587,0.4623384,0.01138181234426222,5
mDC,mHSC-L,native,scGPT_human,mlp,0.476762,0.0139452137595664,0.4835144,0.009340405100422567,5
mDC,mHSC-L,strict,baseline,lr,0.4876668,0.018659755608260265,0.3405188,0.016287308843390916,5
mDC,mHSC-L,strict,baseline,mlp,0.5138596,0.025219941709686805,0.3736284,0.02544500169856547,5
mDC,mHSC-L,strict,minus,lr,0.4371782,0.030418457373114768,0.31738,0.02708745107240619,5
mDC,mHSC-L,strict,minus,mlp,0.4632156,0.02520736098523605,0.3683028,0.013210415805719357,5
mDC,mHSC-L,strict,scGPT_human,lr,0.4852278,0.019785308108796276,0.35587399999999997,0.017997603529359137,5
mDC,mHSC-L,strict,scGPT_human,mlp,0.5108898,0.012476167270440068,0.3961478,0.00997573585055259,5
mHSC-E,hESC,coverage_matched,baseline,lr,0.5117157999999999,0.025023226445844274,0.6848565999999999,0.018010604283032815,5
mHSC-E,hESC,coverage_matched,baseline,mlp,0.475737,0.036374353717970036,0.6384702,0.030674804399702382,5
mHSC-E,hESC,coverage_matched,minus,lr,0.5965518,0.02599477347006508,0.596869,0.029912605195803344,5
mHSC-E,hESC,coverage_matched,minus,mlp,0.5888596,0.02632542670955208,0.5542632,0.02303110438863059,5
mHSC-E,hESC,coverage_matched,scGPT_human,lr,0.659919,0.0319299041025807,0.460029,0.04119572044278386,5
mHSC-E,hESC,coverage_matched,scGPT_human,mlp,0.6364372,0.06091193859466304,0.401379,0.06558248748865812,5
mHSC-E,hESC,native,baseline,lr,0.5713136,0.004741623713455154,0.5839989999999999,0.004874645053744949,5
mHSC-E,hESC,native,baseline,mlp,0.6028632,0.008626300421385754,0.6087046,0.009194773854750309,5
mHSC-E,hESC,native,minus,lr,0.626853,0.01003861474507314,0.5869462,0.012165030676492352,5
mHSC-E,hESC,native,minus,mlp,0.6558264,0.007377858892659867,0.610661,0.010353671754503335,5
mHSC-E,hESC,native,scGPT_human,lr,0.5842234,0.008723670158826505,0.6017473999999999,0.012299828398802962,5
mHSC-E,hESC,native,scGPT_human,mlp,0.611302,0.009446177745522272,0.6183014,0.010624174030954123,5
mHSC-E,hESC,strict,baseline,lr,0.5177734,0.022007496255594353,0.375994,0.01704058180931626,5
mHSC-E,hESC,strict,baseline,mlp,0.5440429999999999,0.009615043109627748,0.3870012,0.011657450071091889,5
mHSC-E,hESC,strict,minus,lr,0.4737306,0.03078482627269479,0.3703932,0.01636902191824546,5
mHSC-E,hESC,strict,minus,mlp,0.45087879999999997,0.015793843755083817,0.3629956,0.010619289893396826,5
mHSC-E,hESC,strict,scGPT_human,lr,0.4416016,0.02257434381416212,0.3424926,0.022460871796081285,5
mHSC-E,hESC,strict,scGPT_human,mlp,0.4419924,0.02839844515180363,0.3322984,0.03206913970533041,5
mHSC-E,hHep,coverage_matched,baseline,lr,0.8549092,0.029623429750115008,0.9351452,0.014940501201766964,5
mHSC-E,hHep,coverage_matched,baseline,mlp,0.8756366,0.021229960429543924,0.9446133999999999,0.01322277018782372,5
mHSC-E,hHep,coverage_matched,minus,lr,0.6121458,0.04087045728836418,0.5423908000000001,0.04856239586099516,5
mHSC-E,hHep,coverage_matched,minus,mlp,0.7267208,0.011397382285419744,0.6867532000000001,0.019864215669389017,5
mHSC-E,hHep,coverage_matched,scGPT_human,lr,0.7209795999999999,0.01683607174610512,0.8272396,0.009474222408197945,5
mHSC-E,hHep,coverage_matched,scGPT_human,mlp,0.8297144,0.023069369385399337,0.9052742,0.010707185818878839,5
mHSC-E,hHep,native,baseline,lr,0.731758,0.013052679556320992,0.701127,0.014001309695882015,5
mHSC-E,hHep,native,baseline,mlp,0.7836082,0.012370715119183683,0.7691602,0.015951217939706042,5
mHSC-E,hHep,native,minus,lr,0.7012174,0.006354008895177895,0.7081978,0.009063952149035215,5
mHSC-E,hHep,native,minus,mlp,0.77078,0.0059979419803796305,0.7814696,0.006462620106427406,5
mHSC-E,hHep,native,scGPT_human,lr,0.6909462,0.01193503758519428,0.7146283999999999,0.009514427352184666,5
mHSC-E,hHep,native,scGPT_human,mlp,0.775172,0.01431285844267314,0.794999,0.011209312110919186,5
mHSC-E,hHep,strict,baseline,lr,0.8772848,0.004549940236970129,0.9047406,0.009932150756004468,5
mHSC-E,hHep,strict,baseline,mlp,0.900764,0.007099843012348924,0.9281094,0.0052723333961349535,5
mHSC-E,hHep,strict,minus,lr,0.9305322,0.009856528098676536,0.9447988,0.006783156975922027,5
mHSC-E,hHep,strict,minus,mlp,0.942962,0.008105047735824876,0.9545032,0.0064711679131359175,5
mHSC-E,hHep,strict,scGPT_human,lr,0.8851308,0.006125761745285229,0.917915,0.0030984626510577777,5
mHSC-E,hHep,strict,scGPT_human,mlp,0.9114016,0.009312308298161107,0.9348694,0.00666673901094081,5
mHSC-E,mDC,coverage_matched,baseline,lr,0.4878598,0.030922962991278835,0.5860322,0.016077110504067568,5
mHSC-E,mDC,coverage_matched,baseline,mlp,0.5745932,0.067779385761159,0.6974116,0.051841013607374614,5
mHSC-E,mDC,coverage_matched,minus,lr,0.699574,0.02670499258191246,0.6598906,0.04092126046250285,5
mHSC-E,mDC,coverage_matched,minus,mlp,0.6832014,0.02118624205091597,0.6384458000000001,0.023763586778093933,5
mHSC-E,mDC,coverage_matched,scGPT_human,lr,0.2991492,0.0553171593428296,0.4079262,0.026563139011796036,5
mHSC-E,mDC,coverage_matched,scGPT_human,mlp,0.4657874,0.11305746794015865,0.5263622,0.08380704144020357,5
mHSC-E,mDC,native,baseline,lr,0.6704032,0.021645453614096418,0.7448522,0.02416939637144461,5
mHSC-E,mDC,native,baseline,mlp,0.6892146,0.027879134359588737,0.7642246,0.025357709025856427,5
mHSC-E,mDC,native,minus,lr,0.5038592,0.03334539506078763,0.5795206,0.03103962779802619,5
mHSC-E,mDC,native,minus,mlp,0.5395166,0.021283925790135598,0.6113698,0.007310514466164458,5
mHSC-E,mDC,native,scGPT_human,lr,0.5869084,0.048922679348539354,0.6168130000000001,0.03974079703780486,5
mHSC-E,mDC,native,scGPT_human,mlp,0.5847286,0.02974457938919291,0.6217216,0.024104668706290064,5
mHSC-E,mDC,strict,baseline,lr,0.755463,0.022329408214280984,0.7623116,0.03002237365432654,5
mHSC-E,mDC,strict,baseline,mlp,0.7278616,0.038198700876338726,0.7208606,0.04527560693618584,5
mHSC-E,mDC,strict,minus,lr,0.699013,0.04171965439933557,0.650595,0.0356081679281594,5
mHSC-E,mDC,strict,minus,mlp,0.6145802,0.01663644230477176,0.5930628,0.027178431701626933,5
mHSC-E,mDC,strict,scGPT_human,lr,0.8628916,0.008790350086316238,0.8471428,0.0120205611083676,5
mHSC-E,mDC,strict,scGPT_human,mlp,0.791065,0.033081212523122544,0.7598894,0.03862646014120371,5
mHSC-E,mHSC-GM,coverage_matched,baseline,lr,0.7057854,0.0064375171797828885,0.6954664,0.007170367371341573,5
mHSC-E,mHSC-GM,coverage_matched,baseline,mlp,0.7330868,0.01034063675795645,0.7308778,0.009864138368859196,5
mHSC-E,mHSC-GM,coverage_matched,minus,lr,0.6997048,0.009337702188440124,0.6892938000000001,0.011250166085885131,5
mHSC-E,mHSC-GM,coverage_matched,minus,mlp,0.7283546,0.009103235745601675,0.7122092,0.010997226002951829,5
mHSC-E,mHSC-GM,coverage_matched,scGPT_human,lr,0.6904520000000001,0.006030275184433969,0.6832554,0.003876581824236402,5
mHSC-E,mHSC-GM,coverage_matched,scGPT_human,mlp,0.7294496,0.01806426790766788,0.7290914,0.016128990180417364,5
mHSC-E,mHSC-GM,native,baseline,lr,0.7057854,0.0064375171797828885,0.6954664,0.007170367371341573,5
mHSC-E,mHSC-GM,native,baseline,mlp,0.7330868,0.01034063675795645,0.7308778,0.009864138368859196,5
mHSC-E,mHSC-GM,native,minus,lr,0.6997048,0.009337702188440124,0.6892938000000001,0.011250166085885131,5
mHSC-E,mHSC-GM,native,minus,mlp,0.7283546,0.009103235745601675,0.7122092,0.010997226002951829,5
mHSC-E,mHSC-GM,native,scGPT_human,lr,0.6904520000000001,0.006030275184433969,0.6832554,0.003876581824236402,5
mHSC-E,mHSC-GM,native,scGPT_human,mlp,0.7294496,0.01806426790766788,0.7290914,0.016128990180417364,5
mHSC-E,mHSC-GM,strict,baseline,lr,0.7057854,0.0064375171797828885,0.6954664,0.007170367371341573,5
mHSC-E,mHSC-GM,strict,baseline,mlp,0.7330868,0.01034063675795645,0.7308778,0.009864138368859196,5
mHSC-E,mHSC-GM,strict,minus,lr,0.6997048,0.009337702188440124,0.6892938000000001,0.011250166085885131,5
mHSC-E,mHSC-GM,strict,minus,mlp,0.7283546,0.009103235745601675,0.7122092,0.010997226002951829,5
mHSC-E,mHSC-GM,strict,scGPT_human,lr,0.6904520000000001,0.006030275184433969,0.6832554,0.003876581824236402,5
mHSC-E,mHSC-GM,strict,scGPT_human,mlp,0.7294496,0.01806426790766788,0.7290914,0.016128990180417364,5
mHSC-E,mHSC-L,coverage_matched,baseline,lr,0.580096,0.005532072053037641,0.5694894,0.003632332396683983,5
mHSC-E,mHSC-L,coverage_matched,baseline,mlp,0.5963562,0.005806281577739748,0.5701594,0.004050854951735499,5
mHSC-E,mHSC-L,coverage_matched,minus,lr,0.648477,0.0032370355574197988,0.6287306,0.004139396458422384,5
mHSC-E,mHSC-L,coverage_matched,minus,mlp,0.6453266,0.003546285978315892,0.6294918,0.006759265149407887,5
mHSC-E,mHSC-L,coverage_matched,scGPT_human,lr,0.5892706,0.009044382026429421,0.5427434,0.007002897845892116,5
mHSC-E,mHSC-L,coverage_matched,scGPT_human,mlp,0.6246964,0.014162806538253624,0.5867338,0.014188239403111293,5
mHSC-E,mHSC-L,native,baseline,lr,0.580096,0.005532072053037641,0.5694894,0.003632332396683983,5
mHSC-E,mHSC-L,native,baseline,mlp,0.5963562,0.005806281577739748,0.5701594,0.004050854951735499,5
mHSC-E,mHSC-L,native,minus,lr,0.648477,0.0032370355574197988,0.6287306,0.004139396458422384,5
mHSC-E,mHSC-L,native,minus,mlp,0.6453266,0.003546285978315892,0.6294918,0.006759265149407887,5
mHSC-E,mHSC-L,native,scGPT_human,lr,0.5892706,0.009044382026429421,0.5427434,0.007002897845892116,5
mHSC-E,mHSC-L,native,scGPT_human,mlp,0.6246964,0.014162806538253624,0.5867338,0.014188239403111293,5
mHSC-E,mHSC-L,strict,baseline,lr,0.580096,0.005532072053037641,0.5694894,0.003632332396683983,5
mHSC-E,mHSC-L,strict,baseline,mlp,0.5963562,0.005806281577739748,0.5701594,0.004050854951735499,5
mHSC-E,mHSC-L,strict,minus,lr,0.648477,0.0032370355574197988,0.6287306,0.004139396458422384,5
mHSC-E,mHSC-L,strict,minus,mlp,0.6453266,0.003546285978315892,0.6294918,0.006759265149407887,5
mHSC-E,mHSC-L,strict,scGPT_human,lr,0.5892706,0.009044382026429421,0.5427434,0.007002897845892116,5
mHSC-E,mHSC-L,strict,scGPT_human,mlp,0.6246964,0.014162806538253624,0.5867338,0.014188239403111293,5
mHSC-GM,hESC,coverage_matched,baseline,lr,0.839655,0.02120055077586429,0.803592,0.04573381946874763,5
mHSC-GM,hESC,coverage_matched,baseline,mlp,0.8227586,0.029125405429624506,0.8161986,0.034602114285690704,5
mHSC-GM,hESC,coverage_matched,minus,lr,0.6574898,0.032398612015949034,0.7373994,0.03571070418571997,5
mHSC-GM,hESC,coverage_matched,minus,mlp,0.7238867999999999,0.018842089622969103,0.789368,0.025296087009654283,5
mHSC-GM,hESC,coverage_matched,scGPT_human,lr,0.5708334,0.03421197833858777,0.4825314,0.04103362182698475,5
mHSC-GM,hESC,coverage_matched,scGPT_human,mlp,0.7242646,0.05484946019278586,0.6374576,0.093711489896597,5
mHSC-GM,hESC,native,baseline,lr,0.7107406000000001,0.00842184297170161,0.6846068,0.010752990642607286,5
mHSC-GM,hESC,native,baseline,mlp,0.772471,0.009084741867549128,0.756294,0.012333047052533295,5
mHSC-GM,hESC,native,minus,lr,0.624402,0.007928252215967903,0.6348222,0.01064986759354314,5
mHSC-GM,hESC,native,minus,mlp,0.6718714,0.013653678780460591,0.671736,0.015717077998152192,5
mHSC-GM,hESC,native,scGPT_human,lr,0.698169,0.008133729943881817,0.6960902,0.004984984870588853,5
mHSC-GM,hESC,native,scGPT_human,mlp,0.7405274,0.006967482948669468,0.7328696,0.00709780688945534,5
mHSC-GM,hESC,strict,baseline,lr,0.6138674000000001,0.009230512956493781,0.4924162,0.01648663323301638,5
mHSC-GM,hESC,strict,baseline,mlp,0.6518554,0.007129385909038732,0.5320218,0.023432444229315903,5
mHSC-GM,hESC,strict,minus,lr,0.6217774,0.04661339398327481,0.5784198,0.05273370097157983,5
mHSC-GM,hESC,strict,minus,mlp,0.6138672,0.02124643045219597,0.5652424,0.01538455394998505,5
mHSC-GM,hESC,strict,scGPT_human,lr,0.647168,0.023299892523357273,0.5310042,0.03272652584922512,5
mHSC-GM,hESC,strict,scGPT_human,mlp,0.6562498,0.014245815587743621,0.5751876,0.02614782065564931,5
mHSC-GM,hHep,coverage_matched,baseline,lr,0.6907352,0.053091420012653656,0.7050688,0.04391982156338979,5
mHSC-GM,hHep,coverage_matched,baseline,mlp,0.7563234,0.018715285096412494,0.7740222,0.018114652824716217,5
mHSC-GM,hHep,coverage_matched,minus,lr,0.6799997999999999,0.03645505262868236,0.6461524000000001,0.04337910208660388,5
mHSC-GM,hHep,coverage_matched,minus,mlp,0.7580488,0.01702505108832274,0.7541782,0.01602162841161907,5
mHSC-GM,hHep,coverage_matched,scGPT_human,lr,0.8967886,0.02023168783468154,0.8293632,0.032764169828640555,5
mHSC-GM,hHep,coverage_matched,scGPT_human,mlp,0.8841642,0.01121944013576435,0.788941,0.047192590676927236,5
mHSC-GM,hHep,native,baseline,lr,0.7688174,0.01999329074064597,0.7255436,0.029506103867505098,5
mHSC-GM,hHep,native,baseline,mlp,0.8192938,0.00695995173546483,0.7946498,0.00764775874096457,5
mHSC-GM,hHep,native,minus,lr,0.7067438,0.026894929026863055,0.6893686,0.025579491203696757,5
mHSC-GM,hHep,native,minus,mlp,0.7825088,0.006493634711007361,0.7618958,0.010093417030916731,5
mHSC-GM,hHep,native,scGPT_human,lr,0.7676128,0.010879007664304694,0.7633732,0.017331553633762903,5
mHSC-GM,hHep,native,scGPT_human,mlp,0.8129828,0.00778696005897039,0.8025568000000001,0.006144807739872742,5
mHSC-GM,hHep,strict,baseline,lr,0.8057596,0.042164073212155415,0.7548768,0.05526967996795349,5
mHSC-GM,hHep,strict,baseline,mlp,0.697943,0.05460736721359125,0.6434978,0.05090181243688675,5
mHSC-GM,hHep,strict,minus,lr,0.8765796,0.021324096488245424,0.8679812,0.034368611816016074,5
mHSC-GM,hHep,strict,minus,mlp,0.827123,0.01994480222012745,0.7861512,0.01700292966991278,5
mHSC-GM,hHep,strict,scGPT_human,lr,0.722098,0.03200980245487312,0.6991294,0.0316376630464388,5
mHSC-GM,hHep,strict,scGPT_human,mlp,0.7179254,0.048022340882551744,0.6583768,0.03928004738999179,5
mHSC-GM,mDC,coverage_matched,baseline,lr,0.6694822,0.06639896263466773,0.7127868,0.05533573466901834,5
mHSC-GM,mDC,coverage_matched,baseline,mlp,0.658421,0.05108319269975205,0.7096188,0.0351165833554462,5
mHSC-GM,mDC,coverage_matched,minus,lr,0.5364554,0.016521181732551713,0.6200784,0.01915668470899911,5
mHSC-GM,mDC,coverage_matched,minus,mlp,0.4913432,0.010737890694172655,0.575728,0.01206084640479267,5
mHSC-GM,mDC,coverage_matched,scGPT_human,lr,0.4356396,0.05477520161386903,0.446757,0.03398450998322616,5
mHSC-GM,mDC,coverage_matched,scGPT_human,mlp,0.558351,0.07182620193773298,0.53198,0.0493720629303658,5
mHSC-GM,mDC,native,baseline,lr,0.5035938,0.03477235191010238,0.5897948,0.032204637867238935,5
mHSC-GM,mDC,native,baseline,mlp,0.5161186,0.024895482486587794,0.6062724,0.015820214607899626,5
mHSC-GM,mDC,native,minus,lr,0.482306,0.01918253142835951,0.579553,0.020086811981994548,5
mHSC-GM,mDC,native,minus,mlp,0.5070686,0.03245385197230063,0.6068234,0.03190338838180045,5
mHSC-GM,mDC,native,scGPT_human,lr,0.4728348,0.04760150308299098,0.5806363999999999,0.035977832611762454,5
mHSC-GM,mDC,native,scGPT_human,mlp,0.5223036,0.03778838184204241,0.6049836000000001,0.022424186608213936,5
mHSC-GM,mDC,strict,baseline,lr,0.596537,0.06535529316589438,0.6138612,0.07579879285160154,5
mHSC-GM,mDC,strict,baseline,mlp,0.6681904,0.02877953825619864,0.6929516,0.024300414618685026,5
mHSC-GM,mDC,strict,minus,lr,0.4733506,0.040230621524406,0.5369602,0.038149757301456096,5
mHSC-GM,mDC,strict,minus,mlp,0.5428918,0.015092293469184845,0.6061304,0.013073575526228462,5
mHSC-GM,mDC,strict,scGPT_human,lr,0.663342,0.028114361390577602,0.678004,0.0296553584567781,5
mHSC-GM,mDC,strict,scGPT_human,mlp,0.6942338,0.033299989341740034,0.6954702,0.03583817900172943,5
mHSC-GM,mHSC-E,coverage_matched,baseline,lr,0.787037,0.008917317803016774,0.7779662,0.013366388538419791,5
mHSC-GM,mHSC-E,coverage_matched,baseline,mlp,0.8088676,0.01304039929756754,0.7824086,0.011261431873434206,5
mHSC-GM,mHSC-E,coverage_matched,minus,lr,0.7417893999999999,0.020940774021988767,0.7494986,0.017133797110973393,5
mHSC-GM,mHSC-E,coverage_matched,minus,mlp,0.7857336,0.013341424610587887,0.7763568000000001,0.012625052513158135,5
mHSC-GM,mHSC-E,coverage_matched,scGPT_human,lr,0.810525,0.007475973862982693,0.7851826,0.009896315306213719,5
mHSC-GM,mHSC-E,coverage_matched,scGPT_human,mlp,0.7954924,0.006790154625632614,0.7476157999999999,0.00658744664949933,5
mHSC-GM,mHSC-E,native,baseline,lr,0.787037,0.008917317803016774,0.7779662,0.013366388538419791,5
mHSC-GM,mHSC-E,native,baseline,mlp,0.8088676,0.01304039929756754,0.7824086,0.011261431873434206,5
mHSC-GM,mHSC-E,native,minus,lr,0.7417893999999999,0.020940774021988767,0.7494986,0.017133797110973393,5
mHSC-GM,mHSC-E,native,minus,mlp,0.7857336,0.013341424610587887,0.7763568000000001,0.012625052513158135,5
mHSC-GM,mHSC-E,native,scGPT_human,lr,0.810525,0.007475973862982693,0.7851826,0.009896315306213719,5
mHSC-GM,mHSC-E,native,scGPT_human,mlp,0.7954924,0.006790154625632614,0.7476157999999999,0.00658744664949933,5
mHSC-GM,mHSC-E,strict,baseline,lr,0.787037,0.008917317803016774,0.7779662,0.013366388538419791,5
mHSC-GM,mHSC-E,strict,baseline,mlp,0.8088676,0.01304039929756754,0.7824086,0.011261431873434206,5
mHSC-GM,mHSC-E,strict,minus,lr,0.7417893999999999,0.020940774021988767,0.7494986,0.017133797110973393,5
mHSC-GM,mHSC-E,strict,minus,mlp,0.7857336,0.013341424610587887,0.7763568000000001,0.012625052513158135,5
mHSC-GM,mHSC-E,strict,scGPT_human,lr,0.810525,0.007475973862982693,0.7851826,0.009896315306213719,5
mHSC-GM,mHSC-E,strict,scGPT_human,mlp,0.7954924,0.006790154625632614,0.7476157999999999,0.00658744664949933,5
mHSC-GM,mHSC-L,coverage_matched,baseline,lr,0.774283,0.0049397296282286335,0.7753559999999999,0.007575454125001336,5
mHSC-GM,mHSC-L,coverage_matched,baseline,mlp,0.807278,0.0067127846084914684,0.8136094,0.005355813051255624,5
mHSC-GM,mHSC-L,coverage_matched,minus,lr,0.8175146,0.005986156449676205,0.8153006,0.008238788809042276,5
mHSC-GM,mHSC-L,coverage_matched,minus,mlp,0.8232916,0.004822264057473448,0.8224234,0.004514594847824121,5
mHSC-GM,mHSC-L,coverage_matched,scGPT_human,lr,0.8022074,0.004788357739350728,0.8190932,0.004676309630467184,5
mHSC-GM,mHSC-L,coverage_matched,scGPT_human,mlp,0.8137138,0.004928973580777202,0.8358986,0.0036181228613743747,5
mHSC-GM,mHSC-L,native,baseline,lr,0.774283,0.0049397296282286335,0.7753559999999999,0.007575454125001336,5
mHSC-GM,mHSC-L,native,baseline,mlp,0.807278,0.0067127846084914684,0.8136094,0.005355813051255624,5
mHSC-GM,mHSC-L,native,minus,lr,0.8175146,0.005986156449676205,0.8153006,0.008238788809042276,5
mHSC-GM,mHSC-L,native,minus,mlp,0.8232916,0.004822264057473448,0.8224234,0.004514594847824121,5
mHSC-GM,mHSC-L,native,scGPT_human,lr,0.8022074,0.004788357739350728,0.8190932,0.004676309630467184,5
mHSC-GM,mHSC-L,native,scGPT_human,mlp,0.8137138,0.004928973580777202,0.8358986,0.0036181228613743747,5
mHSC-GM,mHSC-L,strict,baseline,lr,0.774283,0.0049397296282286335,0.7753559999999999,0.007575454125001336,5
mHSC-GM,mHSC-L,strict,baseline,mlp,0.807278,0.0067127846084914684,0.8136094,0.005355813051255624,5
mHSC-GM,mHSC-L,strict,minus,lr,0.8175146,0.005986156449676205,0.8153006,0.008238788809042276,5
mHSC-GM,mHSC-L,strict,minus,mlp,0.8232916,0.004822264057473448,0.8224234,0.004514594847824121,5
mHSC-GM,mHSC-L,strict,scGPT_human,lr,0.8022074,0.004788357739350728,0.8190932,0.004676309630467184,5
mHSC-GM,mHSC-L,strict,scGPT_human,mlp,0.8137138,0.004928973580777202,0.8358986,0.0036181228613743747,5
mHSC-L,hESC,coverage_matched,baseline,lr,0.6537038,0.03530677859221938,0.6365152,0.026527018124169167,5
mHSC-L,hESC,coverage_matched,baseline,mlp,0.6873458,0.01703421885969534,0.6815066,0.024433379648341726,5
mHSC-L,hESC,coverage_matched,minus,lr,0.5307062,0.024275339869093495,0.4589164,0.025136025983436592,5
mHSC-L,hESC,coverage_matched,minus,mlp,0.603284,0.049747136681421195,0.525345,0.040129736729761896,5
mHSC-L,hESC,coverage_matched,scGPT_human,lr,0.5229628,0.04460789752229978,0.368982,0.060362137788517733,5
mHSC-L,hESC,coverage_matched,scGPT_human,mlp,0.6740738,0.025255976761154982,0.4888516,0.03939287500348255,5
mHSC-L,hESC,native,baseline,lr,0.6562206,0.032279865108764,0.6687144,0.03137806498559147,5
mHSC-L,hESC,native,baseline,mlp,0.7604096,0.015246062502823466,0.7635602,0.012243397737556368,5
mHSC-L,hESC,native,minus,lr,0.6126178,0.023755803875263826,0.5768592,0.02057098025277359,5
mHSC-L,hESC,native,minus,mlp,0.6958524,0.010462316351554268,0.6745334,0.015542214817715021,5
mHSC-L,hESC,native,scGPT_human,lr,0.6580928,0.009992522232149392,0.6542252,0.014916131554796644,5
mHSC-L,hESC,native,scGPT_human,mlp,0.7434858,0.01547109184770099,0.7445352000000001,0.017408938708606016,5
mHSC-L,hESC,strict,baseline,lr,0.5737304,0.03185568109207524,0.4419666,0.04501175617813639,5
mHSC-L,hESC,strict,baseline,mlp,0.6520508,0.03318129556482087,0.5183188,0.04043733135804093,5
mHSC-L,hESC,strict,minus,lr,0.6177734,0.032996382193204166,0.46573760000000003,0.0492426209643638,5
mHSC-L,hESC,strict,minus,mlp,0.6810548,0.03269274133137202,0.5385426,0.023114838996627255,5
mHSC-L,hESC,strict,scGPT_human,lr,0.5929686,0.018489428099322074,0.523431,0.02632435388760756,5
mHSC-L,hESC,strict,scGPT_human,mlp,0.5858398,0.03613231288694372,0.5333498,0.04088889496868313,5
mHSC-L,hHep,coverage_matched,baseline,lr,0.6260498,0.030375141990779255,0.7353786,0.019910487724814796,5
mHSC-L,hHep,coverage_matched,baseline,mlp,0.6346925999999999,0.017349683197107675,0.762722,0.019789359160922837,5
mHSC-L,hHep,coverage_matched,minus,lr,0.4458954,0.06109429979826269,0.4303534,0.03576424225731617,5
mHSC-L,hHep,coverage_matched,minus,mlp,0.5812122000000001,0.043808248042577554,0.5194414,0.04021715658571601,5
mHSC-L,hHep,coverage_matched,scGPT_human,lr,0.4142196,0.06232107502474584,0.5600642,0.033385810922606014,5
mHSC-L,hHep,coverage_matched,scGPT_human,mlp,0.5491402,0.02004044856184612,0.636431,0.009188420865415348,5
mHSC-L,hHep,native,baseline,lr,0.624668,0.02324316579986471,0.623652,0.013038604035708699,5
mHSC-L,hHep,native,baseline,mlp,0.6908372,0.02843050312182321,0.6954192,0.02841359954247263,5
mHSC-L,hHep,native,minus,lr,0.4789618,0.024041178468619223,0.4987826,0.019554626282289312,5
mHSC-L,hHep,native,minus,mlp,0.573278,0.042926350261814704,0.5588978,0.029705137645868608,5
mHSC-L,hHep,native,scGPT_human,lr,0.665913,0.03836042385063023,0.6340361999999999,0.03592682685348096,5
mHSC-L,hHep,native,scGPT_human,mlp,0.7651994,0.006651700943367776,0.7218636,0.006601018424455407,5
mHSC-L,hHep,strict,baseline,lr,0.5695564,0.07608034037410716,0.5449332,0.058737375526661036,5
mHSC-L,hHep,strict,baseline,mlp,0.5450775999999999,0.04740234489811661,0.510869,0.03938490778458167,5
mHSC-L,hHep,strict,minus,lr,0.4046136,0.038854297206872744,0.4324592,0.016394580597258353,5
mHSC-L,hHep,strict,minus,mlp,0.4457538,0.07159956515063481,0.451705,0.031966920277061404,5
mHSC-L,hHep,strict,scGPT_human,lr,0.620335,0.07063130889626781,0.610727,0.06527757165213793,5
mHSC-L,hHep,strict,scGPT_human,mlp,0.5960034,0.05500988268520484,0.5479102,0.040629419535110255,5
mHSC-L,mDC,coverage_matched,baseline,lr,0.5945054,0.0681263103642051,0.6466004,0.06946228982289598,5
mHSC-L,mDC,coverage_matched,baseline,mlp,0.5423078,0.09974990392456524,0.596106,0.09776609392831444,5
mHSC-L,mDC,coverage_matched,minus,lr,0.24383960000000002,0.06026704769142088,0.632512,0.021395940895412833,5
mHSC-L,mDC,coverage_matched,minus,mlp,0.1696148,0.03613489344885356,0.5915532,0.013003527742885787,5
mHSC-L,mDC,coverage_matched,scGPT_human,lr,0.6274303999999999,0.05318655841695342,0.7433186,0.05062116316956771,5
mHSC-L,mDC,coverage_matched,scGPT_human,mlp,0.6124999999999999,0.08670412162521458,0.7352894,0.06649873508150363,5
mHSC-L,mDC,native,baseline,lr,0.6020174,0.026775985715562334,0.6761818,0.03256872498210516,5
mHSC-L,mDC,native,baseline,mlp,0.5438838,0.028702136390171388,0.6006828,0.025618335468175903,5
mHSC-L,mDC,native,minus,lr,0.526849,0.060957941428496434,0.594602,0.047554909685541415,5
mHSC-L,mDC,native,minus,mlp,0.4827616,0.03659636345103158,0.5676258,0.0338162146101541,5
mHSC-L,mDC,native,scGPT_human,lr,0.5376374,0.08192143406117838,0.6209283999999999,0.0768206299573233,5
mHSC-L,mDC,native,scGPT_human,mlp,0.545178,0.09154456505549635,0.6144689999999999,0.06699140576223192,5
mHSC-L,mDC,strict,baseline,lr,0.6372294,0.03262174168618222,0.6536804,0.03672271835580802,5
mHSC-L,mDC,strict,baseline,mlp,0.650909,0.024007119002495924,0.6609242,0.034418667774334326,5
mHSC-L,mDC,strict,minus,lr,0.5301472,0.05150738325483057,0.5482314,0.03242464036870726,5
mHSC-L,mDC,strict,minus,mlp,0.6014889999999999,0.035288657344818335,0.61795,0.023795981601942778,5
mHSC-L,mDC,strict,scGPT_human,lr,0.6524676,0.03762812590921849,0.6437218,0.03401107542786614,5
mHSC-L,mDC,strict,scGPT_human,mlp,0.716225,0.03607861701894904,0.6890656000000001,0.03976531502000204,5
mHSC-L,mHSC-E,coverage_matched,baseline,lr,0.6255384,0.03279263252378498,0.616983,0.028502892702320575,5
mHSC-L,mHSC-E,coverage_matched,baseline,mlp,0.6280378,0.024284574522935344,0.5645922,0.019673862339662732,5
mHSC-L,mHSC-E,coverage_matched,minus,lr,0.4699906,0.04095698530702667,0.5324002,0.027264459469426506,5
mHSC-L,mHSC-E,coverage_matched,minus,mlp,0.626292,0.030723462942838984,0.5815776,0.02804210983217915,5
mHSC-L,mHSC-E,coverage_matched,scGPT_human,lr,0.6746146,0.03850916335419401,0.6417122,0.03399022725666894,5
mHSC-L,mHSC-E,coverage_matched,scGPT_human,mlp,0.7116536,0.008731657679959757,0.6310366,0.019131739049025313,5
mHSC-L,mHSC-E,native,baseline,lr,0.6255384,0.03279263252378498,0.616983,0.028502892702320575,5
mHSC-L,mHSC-E,native,baseline,mlp,0.6280378,0.024284574522935344,0.5645922,0.019673862339662732,5
mHSC-L,mHSC-E,native,minus,lr,0.4699906,0.04095698530702667,0.5324002,0.027264459469426506,5
mHSC-L,mHSC-E,native,minus,mlp,0.626292,0.030723462942838984,0.5815776,0.02804210983217915,5
mHSC-L,mHSC-E,native,scGPT_human,lr,0.6746146,0.03850916335419401,0.6417122,0.03399022725666894,5
mHSC-L,mHSC-E,native,scGPT_human,mlp,0.7116536,0.008731657679959757,0.6310366,0.019131739049025313,5
mHSC-L,mHSC-E,strict,baseline,lr,0.6255384,0.03279263252378498,0.616983,0.028502892702320575,5
mHSC-L,mHSC-E,strict,baseline,mlp,0.6280378,0.024284574522935344,0.5645922,0.019673862339662732,5
mHSC-L,mHSC-E,strict,minus,lr,0.4699906,0.04095698530702667,0.5324002,0.027264459469426506,5
mHSC-L,mHSC-E,strict,minus,mlp,0.626292,0.030723462942838984,0.5815776,0.02804210983217915,5
mHSC-L,mHSC-E,strict,scGPT_human,lr,0.6746146,0.03850916335419401,0.6417122,0.03399022725666894,5
mHSC-L,mHSC-E,strict,scGPT_human,mlp,0.7116536,0.008731657679959757,0.6310366,0.019131739049025313,5
mHSC-L,mHSC-GM,coverage_matched,baseline,lr,0.8189424,0.012964164772171001,0.821865,0.01163441598018568,5
mHSC-L,mHSC-GM,coverage_matched,baseline,mlp,0.8700722,0.006027024851450332,0.8751546,0.006647062647515823,5
mHSC-L,mHSC-GM,coverage_matched,minus,lr,0.7382261999999999,0.01985207618764347,0.7602972,0.0171617150471624,5
mHSC-L,mHSC-GM,coverage_matched,minus,mlp,0.852453,0.010176308387622714,0.854315,0.009260227038253447,5
mHSC-L,mHSC-GM,coverage_matched,scGPT_human,lr,0.7971756,0.008559041502411373,0.7950216,0.007579132947771784,5
mHSC-L,mHSC-GM,coverage_matched,scGPT_human,mlp,0.8643744,0.0035672372839495765,0.869816,0.004478068244232118,5
mHSC-L,mHSC-GM,native,baseline,lr,0.8189424,0.012964164772171001,0.821865,0.01163441598018568,5
mHSC-L,mHSC-GM,native,baseline,mlp,0.8700722,0.006027024851450332,0.8751546,0.006647062647515823,5
mHSC-L,mHSC-GM,native,minus,lr,0.7382261999999999,0.01985207618764347,0.7602972,0.0171617150471624,5
mHSC-L,mHSC-GM,native,minus,mlp,0.852453,0.010176308387622714,0.854315,0.009260227038253447,5
mHSC-L,mHSC-GM,native,scGPT_human,lr,0.7971756,0.008559041502411373,0.7950216,0.007579132947771784,5
mHSC-L,mHSC-GM,native,scGPT_human,mlp,0.8643744,0.0035672372839495765,0.869816,0.004478068244232118,5
mHSC-L,mHSC-GM,strict,baseline,lr,0.8189424,0.012964164772171001,0.821865,0.01163441598018568,5
mHSC-L,mHSC-GM,strict,baseline,mlp,0.8700722,0.006027024851450332,0.8751546,0.006647062647515823,5
mHSC-L,mHSC-GM,strict,minus,lr,0.7382261999999999,0.01985207618764347,0.7602972,0.0171617150471624,5
mHSC-L,mHSC-GM,strict,minus,mlp,0.852453,0.010176308387622714,0.854315,0.009260227038253447,5
mHSC-L,mHSC-GM,strict,scGPT_human,lr,0.7971756,0.008559041502411373,0.7950216,0.007579132947771784,5
mHSC-L,mHSC-GM,strict,scGPT_human,mlp,0.8643744,0.0035672372839495765,0.869816,0.004478068244232118,5
