dataset,embedding,clf,coverage,auroc,auprc,precision_at_k,recall_at_k,f1,specificity
hESC500 [scGREAT],minus,lr,848/910,0.8569165465090272,0.5576632212559982,0.5127238454288408,0.5127238454288408,0.4437799043062201,0.9605328071040947
hESC500 [scGREAT],minus,mlp,848/910,0.8562935556912252,0.5573594474544463,0.5193213949104618,0.5193213949104618,0.45711060948081267,0.9496793290577208
hESC500 [scGREAT],baseline,lr,848/910,0.8670104081856917,0.5829388604549518,0.5513666352497644,0.5513666352497644,0.48977206312098187,0.9620128268376912
hESC500 [scGREAT],baseline,mlp,848/910,0.8562204769076469,0.5564836622679804,0.5372290292177191,0.5372290292177191,0.4811691961776279,0.9523104752507812
hESC500 [scGREAT],scGPT_human,lr,848/910,0.8636387096534206,0.5790331594166966,0.5428840716305372,0.5428840716305372,0.48769574944071586,0.9521460286137149
hESC500 [scGREAT],scGPT_human,mlp,848/910,0.8481301208427046,0.536707929117212,0.5061262959472196,0.5061262959472196,0.45099218280216474,0.9626706133859563
hESC500 [scGREAT],v4_bias_rec_best,lr,848/910,0.8638084260224946,0.5667646665424996,0.5334590009425071,0.5334590009425071,0.462448255470136,0.960697253741161
hESC500 [scGREAT],v4_bias_rec_best,mlp,848/910,0.8611803796717917,0.5590568910660669,0.525918944392083,0.525918944392083,0.4708597807270629,0.9565860878145042
hESC500 [scGREAT],v4_plain_best,lr,848/910,0.8635342449659723,0.5766871432901305,0.5409990574929312,0.5409990574929312,0.4830409356725146,0.9611905936523598
hESC500 [scGREAT],v4_plain_best,mlp,848/910,0.8475446381174286,0.5491124189521226,0.5419415645617343,0.5419415645617343,0.4932102118413905,0.9463903963163953
hESC500 [scGREAT],v4_type_pe_best,lr,848/910,0.8599917451198018,0.5553554970304018,0.5174363807728558,0.5174363807728558,0.4544913741820345,0.9608617003782273
hESC500 [scGREAT],v4_type_pe_best,mlp,848/910,0.8558711246739547,0.5580691704158338,0.5249764373232799,0.5249764373232799,0.49035187287173665,0.9557638546291728
mESC500 [scGREAT],minus,lr,937/1120,0.8938321545637509,0.8094385943883564,0.7234787684225886,0.7234787684225886,0.7200247697190185,0.9109166456811886
mESC500 [scGREAT],minus,mlp,937/1120,0.8980332218889002,0.8188693612577286,0.7341310375018241,0.7341310375018241,0.7196531791907514,0.9294258373205742
mESC500 [scGREAT],baseline,lr,937/1120,0.8931687510240871,0.8068290509088252,0.7212899460090472,0.7212899460090472,0.7165220086794792,0.9100982120372703
mESC500 [scGREAT],baseline,mlp,937/1120,0.8987658196299355,0.8196946269953221,0.7389464468116154,0.7389464468116154,0.7237811569211475,0.91891211281793
mESC500 [scGREAT],scGPT_human,lr,937/1120,0.8975839602549683,0.8174251743901819,0.7301911571574493,0.7301911571574493,0.7236476043276662,0.9115462100226643
mESC500 [scGREAT],scGPT_human,mlp,937/1120,0.8999897862303393,0.8223758438776202,0.7341310375018241,0.7341310375018241,0.7299417475728155,0.916708637622765
mESC500 [scGREAT],v4_bias_rec_best,lr,937/1120,0.8935022051563607,0.8082525557175957,0.7255216693418941,0.7255216693418941,0.7183502597100551,0.9110425585494838
mESC500 [scGREAT],v4_bias_rec_best,mlp,937/1120,0.8983247020028432,0.8194721170429434,0.7316503720998103,0.7316503720998103,0.7228650137741047,0.9206748929740619
mESC500 [scGREAT],v4_plain_best,lr,937/1120,0.8932393140433031,0.8079077268948056,0.7234787684225886,0.7234787684225886,0.7160417471975261,0.9086502140518761
mESC500 [scGREAT],v4_plain_best,mlp,937/1120,0.8965122310029489,0.8170177993694502,0.729753392674741,0.729753392674741,0.7205271001647188,0.9179677663057164
mESC500 [scGREAT],v4_type_pe_best,lr,937/1120,0.894589391025986,0.8112269975549703,0.7281482562381438,0.7281482562381438,0.7197963277272026,0.9090909090909091
mESC500 [scGREAT],v4_type_pe_best,mlp,937/1120,0.8999679035182219,0.8251258364121147,0.7357361739384212,0.7357361739384212,0.7270870965208514,0.9212415008813901
hESC_Specific_500,minus,lr,442/500,0.7772525577047151,0.3768517066506203,0.3872832369942196,0.3872832369942196,0.38461538461538464,0.8861047835990888
hESC_Specific_500,minus,mlp,442/500,0.8197525906224078,0.41746072618101854,0.3815028901734104,0.3815028901734104,0.33793103448275863,0.9225512528473804
hESC_Specific_500,baseline,lr,442/500,0.81609543497439,0.44703208381390863,0.42196531791907516,0.42196531791907516,0.41818181818181815,0.8997722095671982
hESC_Specific_500,baseline,mlp,442/500,0.8258324884458897,0.39224471222872226,0.4161849710982659,0.4161849710982659,0.2923076923076923,0.9441913439635535
hESC_Specific_500,scGPT_human,lr,442/500,0.7596350086244353,0.37924775405726685,0.4161849710982659,0.4161849710982659,0.4192634560906516,0.8792710706150342
hESC_Specific_500,scGPT_human,mlp,442/500,0.8366755763887974,0.4852526759184376,0.44508670520231214,0.44508670520231214,0.3511450381679389,0.9510250569476082
hESC_Specific_500,v4_bias_rec_best,lr,442/500,0.8160756843588293,0.43411308667602716,0.4508670520231214,0.4508670520231214,0.43037974683544306,0.9145785876993167
hESC_Specific_500,v4_bias_rec_best,mlp,442/500,0.8032772854753972,0.38525713430201874,0.3930635838150289,0.3930635838150289,0.315018315018315,0.9350797266514806
hESC_Specific_500,v4_plain_best,lr,442/500,0.7904558442071444,0.40688951108935406,0.4161849710982659,0.4161849710982659,0.4036697247706422,0.8997722095671982
hESC_Specific_500,v4_plain_best,mlp,442/500,0.834927646911662,0.4683933035499117,0.45664739884393063,0.45664739884393063,0.3435114503816794,0.9498861047835991
hESC_Specific_500,v4_type_pe_best,lr,442/500,0.8005451169894795,0.39592196214104275,0.43352601156069365,0.43352601156069365,0.42105263157894735,0.9066059225512528
hESC_Specific_500,v4_type_pe_best,mlp,442/500,0.8279425125416409,0.42073423743197647,0.42196531791907516,0.42196531791907516,0.3358208955223881,0.9430523917995444
hESC_Specific_1000,minus,lr,893/1000,0.8433706737060602,0.4337712037173317,0.4530120481927711,0.4530120481927711,0.4037685060565276,0.9166666666666666
hESC_Specific_1000,minus,mlp,893/1000,0.8498623708316413,0.47300438651016957,0.45542168674698796,0.45542168674698796,0.35313001605136435,0.954119850187266
hESC_Specific_1000,baseline,lr,893/1000,0.8523780515319707,0.463601288651623,0.4650602409638554,0.4650602409638554,0.41359773371104813,0.9321161048689138
hESC_Specific_1000,baseline,mlp,893/1000,0.8578223004377058,0.4829253647197324,0.5012048192771085,0.5012048192771085,0.46586345381526106,0.9260299625468165
hESC_Specific_1000,scGPT_human,lr,893/1000,0.828338635440639,0.429382961764424,0.4602409638554217,0.4602409638554217,0.44218551461245237,0.9073033707865169
hESC_Specific_1000,scGPT_human,mlp,893/1000,0.8482909164748884,0.4445600776969531,0.4578313253012048,0.4578313253012048,0.29931972789115646,0.9602059925093633
hESC_Specific_1000,v4_bias_rec_best,lr,893/1000,0.8511145706421189,0.45423464356733834,0.4867469879518072,0.4867469879518072,0.4385026737967914,0.920880149812734
hESC_Specific_1000,v4_bias_rec_best,mlp,893/1000,0.8393467126934706,0.44615049614064767,0.46265060240963857,0.46265060240963857,0.43693107932379716,0.9129213483146067
hESC_Specific_1000,v4_plain_best,lr,893/1000,0.8501252199810477,0.46543646994400667,0.4795180722891566,0.4795180722891566,0.4166666666666667,0.927434456928839
hESC_Specific_1000,v4_plain_best,mlp,893/1000,0.8548666576418031,0.4980365863764403,0.4843373493975904,0.4843373493975904,0.4140030441400304,0.950374531835206
hESC_Specific_1000,v4_type_pe_best,lr,893/1000,0.8498877532602319,0.4586324121195011,0.46987951807228917,0.46987951807228917,0.4005641748942172,0.9288389513108615
hESC_Specific_1000,v4_type_pe_best,mlp,893/1000,0.8599916520012635,0.5093102053481752,0.4987951807228916,0.4987951807228916,0.48128342245989303,0.9283707865168539
hESC_Non-Specific_500,minus,lr,442/500,0.8705366824426898,0.23214962349354074,0.32558139534883723,0.32558139534883723,0.3,0.986286341195831
hESC_Non-Specific_500,minus,mlp,442/500,0.8136600798581434,0.15000565432348745,0.18604651162790697,0.18604651162790697,0.0,1.0
hESC_Non-Specific_500,baseline,lr,442/500,0.8613517202668741,0.23780608208613108,0.27906976744186046,0.27906976744186046,0.25316455696202533,0.9857377948436643
hESC_Non-Specific_500,baseline,mlp,442/500,0.8736557425148936,0.18115240222118523,0.16279069767441862,0.16279069767441862,0.08333333333333333,0.9983543609434997
hESC_Non-Specific_500,scGPT_human,lr,442/500,0.8608159308066182,0.2016446986713788,0.18604651162790697,0.18604651162790697,0.23880597014925373,0.9912232583653319
hESC_Non-Specific_500,scGPT_human,mlp,442/500,0.8547819209327839,0.1550875565888331,0.18604651162790697,0.18604651162790697,0.0,1.0
hESC_Non-Specific_500,v4_bias_rec_best,lr,442/500,0.8426246029417394,0.1311733602808775,0.13953488372093023,0.13953488372093023,0.08108108108108109,0.9846407021393307
hESC_Non-Specific_500,v4_bias_rec_best,mlp,442/500,0.8754417073824133,0.19868133698017945,0.2558139534883721,0.2558139534883721,0.0851063829787234,0.9989029072956664
hESC_Non-Specific_500,v4_plain_best,lr,442/500,0.8741341259615506,0.179915301343997,0.27906976744186046,0.27906976744186046,0.208955223880597,0.9906747120131651
hESC_Non-Specific_500,v4_plain_best,mlp,442/500,0.8797981859699703,0.20599591132648454,0.20930232558139536,0.20930232558139536,0.045454545454545456,1.0
hESC_Non-Specific_500,v4_type_pe_best,lr,442/500,0.8469364324076083,0.18053414063536613,0.2558139534883721,0.2558139534883721,0.17721518987341772,0.984092155787164
hESC_Non-Specific_500,v4_type_pe_best,mlp,442/500,0.8334842898876118,0.16234556250609625,0.16279069767441862,0.16279069767441862,0.0,0.9994514536478333
hESC_Non-Specific_1000,minus,lr,893/1000,0.8780494596098003,0.13616768831289366,0.21301775147928995,0.21301775147928995,0.11290322580645161,0.993202969779358
hESC_Non-Specific_1000,minus,mlp,893/1000,0.8913687925665179,0.17606780544914333,0.25443786982248523,0.25443786982248523,0.033707865168539325,0.9993725818257869
hESC_Non-Specific_1000,baseline,lr,893/1000,0.8677818292519183,0.143825430053816,0.21301775147928995,0.21301775147928995,0.13765182186234817,0.9936212485621667
hESC_Non-Specific_1000,baseline,mlp,893/1000,0.8956502719121465,0.18074334510259848,0.2485207100591716,0.2485207100591716,0.011627906976744186,0.9997908606085957
hESC_Non-Specific_1000,scGPT_human,lr,893/1000,0.8255690849904123,0.11826463633255609,0.14792899408284024,0.14792899408284024,0.14193548387096774,0.9875562062114399
hESC_Non-Specific_1000,scGPT_human,mlp,893/1000,0.8790069838944107,0.13994302001062403,0.22485207100591717,0.22485207100591717,0.0427807486631016,0.9985360242601694
hESC_Non-Specific_1000,v4_bias_rec_best,lr,893/1000,0.8562915378365954,0.1406902504801424,0.20710059171597633,0.20710059171597633,0.08181818181818182,0.9956080727805082
hESC_Non-Specific_1000,v4_bias_rec_best,mlp,893/1000,0.8839409410158853,0.1593421935306566,0.20710059171597633,0.20710059171597633,0.0223463687150838,0.9991634424343825
hESC_Non-Specific_1000,v4_plain_best,lr,893/1000,0.8832940320404021,0.16477309436450818,0.23668639053254437,0.23668639053254437,0.1908713692946058,0.9948760849105929
hESC_Non-Specific_1000,v4_plain_best,mlp,893/1000,0.9049984314545644,0.16298910106529968,0.21301775147928995,0.21301775147928995,0.011299435028248588,0.9992680121300846
hESC_Non-Specific_1000,v4_type_pe_best,lr,893/1000,0.8831708996768239,0.18203884576516627,0.23668639053254437,0.23668639053254437,0.200836820083682,0.9951897939976995
hESC_Non-Specific_1000,v4_type_pe_best,mlp,893/1000,0.9027542049083406,0.16375503192710666,0.22485207100591717,0.22485207100591717,0.0,0.9996862909128934
hESC_STRING_500,minus,lr,442/500,0.8300496175315278,0.28053121081067106,0.4,0.4,0.2692307692307692,0.9963820549927641
hESC_STRING_500,minus,mlp,442/500,0.8033388463923921,0.208395551078033,0.3142857142857143,0.3142857142857143,0.0,1.0
hESC_STRING_500,baseline,lr,442/500,0.8114637171800704,0.2918560438816928,0.2857142857142857,0.2857142857142857,0.32,0.9974674384949349
hESC_STRING_500,baseline,mlp,442/500,0.7653866032664876,0.09282483306745186,0.08571428571428572,0.08571428571428572,0.0,1.0
hESC_STRING_500,scGPT_human,lr,442/500,0.873351250775274,0.2924396683984585,0.34285714285714286,0.34285714285714286,0.32727272727272727,0.9960202604920405
hESC_STRING_500,scGPT_human,mlp,442/500,0.793989042795121,0.07228263024412128,0.11428571428571428,0.11428571428571428,0.0,1.0
hESC_STRING_500,v4_bias_rec_best,lr,442/500,0.8155985114740542,0.23262342983880385,0.2857142857142857,0.2857142857142857,0.2857142857142857,0.9952966714905933
hESC_STRING_500,v4_bias_rec_best,mlp,442/500,0.8096599131693198,0.09819540339567354,0.14285714285714285,0.14285714285714285,0.0,1.0
hESC_STRING_500,v4_plain_best,lr,442/500,0.8126214595823857,0.2512740412354874,0.37142857142857144,0.37142857142857144,0.38596491228070173,0.9960202604920405
hESC_STRING_500,v4_plain_best,mlp,442/500,0.8039435600578871,0.051848445890240805,0.11428571428571428,0.11428571428571428,0.0,1.0
hESC_STRING_500,v4_type_pe_best,lr,442/500,0.8492867479842876,0.2977692398773901,0.34285714285714286,0.34285714285714286,0.2857142857142857,0.9974674384949349
hESC_STRING_500,v4_type_pe_best,mlp,442/500,0.8508528013231341,0.28189169719476326,0.37142857142857144,0.37142857142857144,0.0,1.0
hESC_STRING_1000,minus,lr,893/1000,0.8241729505537961,0.2252377299482081,0.2706766917293233,0.2706766917293233,0.3225806451612903,0.9981418645984812
hESC_STRING_1000,minus,mlp,893/1000,0.8249504638960464,0.23283594984199152,0.2857142857142857,0.2857142857142857,0.2485207100591716,0.9987881725642268
hESC_STRING_1000,baseline,lr,893/1000,0.8370086024562132,0.21097890656922025,0.2781954887218045,0.2781954887218045,0.24444444444444444,0.9979802876070447
hESC_STRING_1000,baseline,mlp,893/1000,0.8246355102492052,0.23432442774085394,0.2932330827067669,0.2932330827067669,0.28901734104046245,0.9987881725642268
hESC_STRING_1000,scGPT_human,lr,893/1000,0.8379182323234164,0.16762728223772627,0.21052631578947367,0.21052631578947367,0.2125984251968504,0.9924058814024883
hESC_STRING_1000,scGPT_human,mlp,893/1000,0.8556151649117947,0.22032512192332387,0.23308270676691728,0.23308270676691728,0.25,0.9983034415899176
hESC_STRING_1000,v4_bias_rec_best,lr,893/1000,0.8363501458444949,0.19465264679400282,0.24812030075187969,0.24812030075187969,0.24581005586592178,0.998061076102763
hESC_STRING_1000,v4_bias_rec_best,mlp,893/1000,0.8482032760038729,0.23668066456527814,0.2706766917293233,0.2706766917293233,0.2485207100591716,0.9987881725642268
hESC_STRING_1000,v4_plain_best,lr,893/1000,0.7966176954747508,0.21825854338098924,0.2556390977443609,0.2556390977443609,0.26285714285714284,0.9984650185813541
hESC_STRING_1000,v4_plain_best,mlp,893/1000,0.8000129383079608,0.26384430216044275,0.2857142857142857,0.2857142857142857,0.3058823529411765,0.9991113265470997
hESC_STRING_1000,v4_type_pe_best,lr,893/1000,0.8443679484703033,0.2105037494689579,0.2556390977443609,0.2556390977443609,0.21301775147928995,0.9985458070770722
hESC_STRING_1000,v4_type_pe_best,mlp,893/1000,0.8240238259244815,0.26260792109527725,0.3383458646616541,0.3383458646616541,0.28735632183908044,0.9987073840685087
hHep_Specific_1000,minus,lr,962/1000,0.8779930225553846,0.7286421179232684,0.6716417910447762,0.6716417910447762,0.683206106870229,0.9136771300448431
hHep_Specific_1000,minus,mlp,962/1000,0.8991930760993241,0.7854935786482431,0.7052238805970149,0.7052238805970149,0.6881720430107527,0.9585201793721974
hHep_Specific_1000,baseline,lr,962/1000,0.8833348671441001,0.7320989663872451,0.667910447761194,0.667910447761194,0.6729678638941399,0.9069506726457399
hHep_Specific_1000,baseline,mlp,962/1000,0.9073606184325013,0.7895724905928163,0.746268656716418,0.746268656716418,0.726890756302521,0.9607623318385651
hHep_Specific_1000,scGPT_human,lr,962/1000,0.8496544742654439,0.6707222290821723,0.6268656716417911,0.6268656716417911,0.6268656716417911,0.8878923766816144
hHep_Specific_1000,scGPT_human,mlp,962/1000,0.9091656348303327,0.7847776670044586,0.7164179104477612,0.7164179104477612,0.7352941176470589,0.9630044843049327
hHep_Specific_1000,v4_bias_rec_best,lr,962/1000,0.8792500501974434,0.7214497788295816,0.6492537313432836,0.6492537313432836,0.6398467432950191,0.9024663677130045
hHep_Specific_1000,v4_bias_rec_best,mlp,962/1000,0.9067310588314035,0.7888286397172067,0.7201492537313433,0.7201492537313433,0.7272727272727273,0.9551569506726457
hHep_Specific_1000,v4_plain_best,lr,962/1000,0.8869950973830399,0.768461261912346,0.6865671641791045,0.6865671641791045,0.6878504672897197,0.9069506726457399
hHep_Specific_1000,v4_plain_best,mlp,962/1000,0.9042922997122014,0.789665208219153,0.7201492537313433,0.7201492537313433,0.734020618556701,0.9562780269058296
hHep_Specific_1000,v4_type_pe_best,lr,962/1000,0.8867922160497959,0.7542154438798436,0.664179104477612,0.664179104477612,0.6641221374045801,0.9080717488789237
hHep_Specific_1000,v4_type_pe_best,mlp,962/1000,0.907718275215849,0.8027011040654642,0.7350746268656716,0.7350746268656716,0.7234927234927235,0.9562780269058296
hHep_Non-Specific_500,minus,lr,487/500,0.8200517028211757,0.13512742629521746,0.22580645161290322,0.22580645161290322,0.1276595744680851,0.9924506387921022
hHep_Non-Specific_500,minus,mlp,487/500,0.8537709340227042,0.10418371826964574,0.12903225806451613,0.12903225806451613,0.058823529411764705,0.9988385598141696
hHep_Non-Specific_500,baseline,lr,487/500,0.7581769135663707,0.08355806721785893,0.12903225806451613,0.12903225806451613,0.11764705882352941,0.9901277584204413
hHep_Non-Specific_500,baseline,mlp,487/500,0.7279420029223334,0.06429495022226357,0.06451612903225806,0.06451612903225806,0.0,1.0
hHep_Non-Specific_500,scGPT_human,lr,487/500,0.7998763628189277,0.11003394192211327,0.0967741935483871,0.0967741935483871,0.05,0.9953542392566783
hHep_Non-Specific_500,scGPT_human,mlp,487/500,0.8078940466824022,0.14321825409559502,0.16129032258064516,0.16129032258064516,0.0,0.9994192799070848
hHep_Non-Specific_500,v4_bias_rec_best,lr,487/500,0.827469933685512,0.15673424631742408,0.1935483870967742,0.1935483870967742,0.18181818181818182,0.9947735191637631
hHep_Non-Specific_500,v4_bias_rec_best,mlp,487/500,0.7901914503015998,0.11984835363567553,0.22580645161290322,0.22580645161290322,0.0625,1.0
hHep_Non-Specific_500,v4_plain_best,lr,487/500,0.797347420478813,0.12190549603928344,0.12903225806451613,0.12903225806451613,0.16,0.9912891986062717
hHep_Non-Specific_500,v4_plain_best,mlp,487/500,0.7701097748304673,0.07091188746649825,0.16129032258064516,0.16129032258064516,0.0,1.0
hHep_Non-Specific_500,v4_type_pe_best,lr,487/500,0.8231800981604286,0.15767080646818923,0.16129032258064516,0.16129032258064516,0.13043478260869565,0.9930313588850174
hHep_Non-Specific_500,v4_type_pe_best,mlp,487/500,0.7218819077591697,0.05152438272717885,0.03225806451612903,0.03225806451612903,0.0,1.0
hHep_Non-Specific_1000,minus,lr,962/1000,0.8540119138543617,0.1269818234404886,0.19607843137254902,0.19607843137254902,0.13333333333333333,0.9972423302309549
hHep_Non-Specific_1000,minus,mlp,962/1000,0.8733201082340325,0.17308553340439684,0.22549019607843138,0.22549019607843138,0.0,1.0
hHep_Non-Specific_1000,baseline,lr,962/1000,0.8334702029726057,0.14401777455190054,0.19607843137254902,0.19607843137254902,0.16793893129770993,0.9979317476732161
hHep_Non-Specific_1000,baseline,mlp,962/1000,0.8586913910686647,0.1527810427097434,0.17647058823529413,0.17647058823529413,0.0,1.0
hHep_Non-Specific_1000,scGPT_human,lr,962/1000,0.8343184567863685,0.14621775343367388,0.18627450980392157,0.18627450980392157,0.17699115044247787,0.988050097667471
hHep_Non-Specific_1000,scGPT_human,mlp,962/1000,0.8434205694227593,0.2193647613542953,0.24509803921568626,0.24509803921568626,0.23809523809523808,0.9989658738366081
hHep_Non-Specific_1000,v4_bias_rec_best,lr,962/1000,0.8122807551148692,0.1103139856426087,0.21568627450980393,0.21568627450980393,0.1076923076923077,0.9975870389520854
hHep_Non-Specific_1000,v4_bias_rec_best,mlp,962/1000,0.8445431257646112,0.10369771530457972,0.14705882352941177,0.14705882352941177,0.0,0.9998850970929565
hHep_Non-Specific_1000,v4_plain_best,lr,962/1000,0.8259226590785689,0.10965243746420054,0.16666666666666666,0.16666666666666666,0.13333333333333333,0.9956336895323452
hHep_Non-Specific_1000,v4_plain_best,mlp,962/1000,0.8763492642834452,0.14857984323456444,0.21568627450980393,0.21568627450980393,0.0,1.0
hHep_Non-Specific_1000,v4_type_pe_best,lr,962/1000,0.8366750928798499,0.1396140665268017,0.18627450980392157,0.18627450980392157,0.14492753623188406,0.9970125244168677
hHep_Non-Specific_1000,v4_type_pe_best,mlp,962/1000,0.8720021043002976,0.19399880131941788,0.2549019607843137,0.2549019607843137,0.05660377358490566,0.9998850970929565
hHep_STRING_500,minus,lr,487/500,0.8767746456405815,0.4320185503999169,0.44594594594594594,0.44594594594594594,0.4411764705882353,0.9865092748735245
hHep_STRING_500,minus,mlp,487/500,0.9314155006608632,0.5886953429651892,0.527027027027027,0.527027027027027,0.48,0.9991568296795953
hHep_STRING_500,baseline,lr,487/500,0.9074478145936832,0.5086418993543653,0.527027027027027,0.527027027027027,0.5255474452554745,0.9886172006745363
hHep_STRING_500,baseline,mlp,487/500,0.928618226151953,0.584944526765914,0.5405405405405406,0.5405405405405406,0.562962962962963,0.9903035413153457
hHep_STRING_500,scGPT_human,lr,487/500,0.8876105236771341,0.5184588653961402,0.5,0.5,0.5483870967741935,0.9932546374367622
hHep_STRING_500,scGPT_human,mlp,487/500,0.9034513012168998,0.5812789573338298,0.5540540540540541,0.5540540540540541,0.5666666666666667,0.9949409780775716
hHep_STRING_500,v4_bias_rec_best,lr,487/500,0.9120795542591495,0.536581814256353,0.5135135135135135,0.5135135135135135,0.5323741007194245,0.9881956155143339
hHep_STRING_500,v4_bias_rec_best,mlp,487/500,0.8989164121963448,0.5659332113352401,0.5675675675675675,0.5675675675675675,0.5737704918032787,0.9945193929173693
hHep_STRING_500,v4_plain_best,lr,487/500,0.8608170776172462,0.41016364761947166,0.4189189189189189,0.4189189189189189,0.41333333333333333,0.9810286677908938
hHep_STRING_500,v4_plain_best,mlp,487/500,0.9285042842167631,0.543643116466761,0.5540540540540541,0.5540540540540541,0.47244094488188976,0.9903035413153457
hHep_STRING_500,v4_type_pe_best,lr,487/500,0.8970278246205733,0.4404200019704486,0.5,0.5,0.5103448275862069,0.9856661045531198
hHep_STRING_500,v4_type_pe_best,mlp,487/500,0.908524565881227,0.5875257246075115,0.5540540540540541,0.5540540540540541,0.5555555555555556,0.9928330522765598
hHep_STRING_1000,minus,lr,962/1000,0.880187039324507,0.3887749353234604,0.44541484716157204,0.44541484716157204,0.38823529411764707,0.9962649402390438
hHep_STRING_1000,minus,mlp,962/1000,0.8928978409506081,0.4347909524955726,0.4585152838427948,0.4585152838427948,0.42900302114803623,0.9974269588313412
hHep_STRING_1000,baseline,lr,962/1000,0.8737169227022042,0.40556409701734464,0.4410480349344978,0.4410480349344978,0.3905325443786982,0.9964309428950863
hHep_STRING_1000,baseline,mlp,962/1000,0.8875366438177421,0.43202081757704514,0.4585152838427948,0.4585152838427948,0.40853658536585363,0.99734395750332
hHep_STRING_1000,scGPT_human,lr,962/1000,0.8822598978177537,0.3841896065505984,0.43231441048034935,0.43231441048034935,0.4365482233502538,0.9934428950863213
hHep_STRING_1000,scGPT_human,mlp,962/1000,0.8910591259416482,0.4912645182693615,0.49344978165938863,0.49344978165938863,0.49122807017543857,0.9975929614873837
hHep_STRING_1000,v4_bias_rec_best,lr,962/1000,0.8756748841605919,0.3927228465678622,0.4279475982532751,0.4279475982532751,0.4198250728862974,0.9965139442231076
hHep_STRING_1000,v4_bias_rec_best,mlp,962/1000,0.8928052346654141,0.44810454499140345,0.4672489082969432,0.4672489082969432,0.46537396121883656,0.9960159362549801
hHep_STRING_1000,v4_plain_best,lr,962/1000,0.879959057510859,0.35094534181468995,0.37554585152838427,0.37554585152838427,0.36024844720496896,0.9970949535192563
hHep_STRING_1000,v4_plain_best,mlp,962/1000,0.8865036578576524,0.45513858839308136,0.4672489082969432,0.4672489082969432,0.4264264264264264,0.9972609561752988
hHep_STRING_1000,v4_type_pe_best,lr,962/1000,0.8822787452808851,0.39008558181211467,0.4104803493449782,0.4104803493449782,0.39274924471299094,0.9969289508632138
hHep_STRING_1000,v4_type_pe_best,mlp,962/1000,0.9001410660125148,0.46900592430698596,0.45414847161572053,0.45414847161572053,0.4520123839009288,0.9982569721115537
mDC_Specific_500,minus,lr,387/500,0.7602678571428572,0.11958638483213666,0.2,0.2,0.0,0.9910714285714286
mDC_Specific_500,minus,mlp,387/500,0.6522321428571428,0.11753476310016922,0.1,0.1,0.0,1.0
mDC_Specific_500,baseline,lr,387/500,0.7991071428571428,0.22752659291564728,0.3,0.3,0.15384615384615385,0.9910714285714286
mDC_Specific_500,baseline,mlp,387/500,0.828125,0.17653650505020826,0.2,0.2,0.0,1.0
mDC_Specific_500,scGPT_human,lr,387/500,0.775,0.2778470313436719,0.4,0.4,0.18181818181818182,1.0
mDC_Specific_500,scGPT_human,mlp,387/500,0.7178571428571429,0.15266465319789732,0.3,0.3,0.0,1.0
mDC_Specific_500,v4_bias_rec_best,lr,387/500,0.75625,0.1448661385985896,0.3,0.3,0.125,0.9776785714285714
mDC_Specific_500,v4_bias_rec_best,mlp,387/500,0.46071428571428574,0.041170500818602886,0.0,0.0,0.0,1.0
mDC_Specific_500,v4_plain_best,lr,387/500,0.8700892857142857,0.21502051714817672,0.2,0.2,0.14285714285714285,0.9866071428571429
mDC_Specific_500,v4_plain_best,mlp,387/500,0.7772321428571429,0.12236496870260537,0.0,0.0,0.0,1.0
mDC_Specific_500,v4_type_pe_best,lr,387/500,0.7714285714285715,0.17145217855118844,0.3,0.3,0.0,0.9955357142857143
mDC_Specific_500,v4_type_pe_best,mlp,387/500,0.7058035714285714,0.07919797856390953,0.1,0.1,0.0,1.0
mDC_Specific_1000,minus,lr,803/1000,0.8228008833271993,0.3674379818988289,0.3916083916083916,0.3916083916083916,0.352,0.9631578947368421
mDC_Specific_1000,minus,mlp,803/1000,0.7995113074060443,0.35514564159652384,0.3706293706293706,0.3706293706293706,0.2541436464088398,0.9912280701754386
mDC_Specific_1000,baseline,lr,803/1000,0.8059849507217929,0.33634187154235917,0.34965034965034963,0.34965034965034963,0.32669322709163345,0.9608187134502923
mDC_Specific_1000,baseline,mlp,803/1000,0.8624156545209175,0.4313314997098616,0.4195804195804196,0.4195804195804196,0.25555555555555554,0.991812865497076
mDC_Specific_1000,scGPT_human,lr,803/1000,0.8125567415041098,0.3052301568396492,0.35664335664335667,0.35664335664335667,0.35664335664335667,0.9461988304093567
mDC_Specific_1000,scGPT_human,mlp,803/1000,0.8624892651208441,0.42748274535173597,0.45454545454545453,0.45454545454545453,0.375,0.9847953216374269
mDC_Specific_1000,v4_bias_rec_best,lr,803/1000,0.7980063795853269,0.3071212767511162,0.32867132867132864,0.32867132867132864,0.3116883116883117,0.9695906432748538
mDC_Specific_1000,v4_bias_rec_best,mlp,803/1000,0.8218173639226269,0.39705985829577395,0.4125874125874126,0.4125874125874126,0.37962962962962965,0.9812865497076023
mDC_Specific_1000,v4_plain_best,lr,803/1000,0.7974215842636897,0.3040205453446456,0.2937062937062937,0.2937062937062937,0.2988505747126437,0.9538011695906433
mDC_Specific_1000,v4_plain_best,mlp,803/1000,0.8629043471148733,0.4376359337897743,0.46153846153846156,0.46153846153846156,0.31521739130434784,0.9929824561403509
mDC_Specific_1000,v4_type_pe_best,lr,803/1000,0.8180448206763997,0.3217041306357122,0.3356643356643357,0.3356643356643357,0.31932773109243695,0.9666666666666667
mDC_Specific_1000,v4_type_pe_best,mlp,803/1000,0.8346092503987241,0.39271433751713514,0.3916083916083916,0.3916083916083916,0.3283582089552239,0.9853801169590644
mDC_Non-Specific_500,minus,lr,387/500,0.7264745180377935,0.22271610419633794,0.3076923076923077,0.3076923076923077,0.125,0.9975186104218362
mDC_Non-Specific_500,minus,mlp,387/500,0.5668066424890247,0.02130130806280417,0.0,0.0,0.0,1.0
mDC_Non-Specific_500,baseline,lr,387/500,0.7430807405993509,0.16272789869440749,0.23076923076923078,0.23076923076923078,0.14285714285714285,1.0
mDC_Non-Specific_500,baseline,mlp,387/500,0.5151746516510785,0.01899358672476343,0.0,0.0,0.0,1.0
mDC_Non-Specific_500,scGPT_human,lr,387/500,0.6665394159190685,0.09663878288262984,0.15384615384615385,0.15384615384615385,0.0,0.9975186104218362
mDC_Non-Specific_500,scGPT_human,mlp,387/500,0.6652987211299867,0.04881619970381392,0.07692307692307693,0.07692307692307693,0.0,1.0
mDC_Non-Specific_500,v4_bias_rec_best,lr,387/500,0.7063370872303875,0.20532262767286646,0.3076923076923077,0.3076923076923077,0.125,0.9975186104218362
mDC_Non-Specific_500,v4_bias_rec_best,mlp,387/500,0.5825539225042947,0.02053219448640088,0.0,0.0,0.0,1.0
mDC_Non-Specific_500,v4_plain_best,lr,387/500,0.7638862378316473,0.19536067569477358,0.23076923076923078,0.23076923076923078,0.14285714285714285,1.0
mDC_Non-Specific_500,v4_plain_best,mlp,387/500,0.5878030158427181,0.019485060138988982,0.0,0.0,0.0,1.0
mDC_Non-Specific_500,v4_type_pe_best,lr,387/500,0.7042374498950181,0.23773807692039564,0.23076923076923078,0.23076923076923078,0.13333333333333333,0.9987593052109182
mDC_Non-Specific_500,v4_type_pe_best,mlp,387/500,0.5894254628745944,0.04892463164414182,0.07692307692307693,0.07692307692307693,0.0,1.0
mDC_Non-Specific_1000,minus,lr,803/1000,0.8697087542731772,0.2470793069418376,0.3120567375886525,0.3120567375886525,0.25396825396825395,0.9973021582733813
mDC_Non-Specific_1000,minus,mlp,803/1000,0.8692559250471963,0.1608717112957354,0.19858156028368795,0.19858156028368795,0.05442176870748299,0.9997751798561151
mDC_Non-Specific_1000,baseline,lr,803/1000,0.8529827733557835,0.16957315095584374,0.22695035460992907,0.22695035460992907,0.1511627906976744,0.997976618705036
mDC_Non-Specific_1000,baseline,mlp,803/1000,0.8657508833358843,0.1505851641771936,0.20567375886524822,0.20567375886524822,0.053691275167785234,0.9995503597122302
mDC_Non-Specific_1000,scGPT_human,lr,803/1000,0.8215533955814073,0.19706560017139182,0.3120567375886525,0.3120567375886525,0.30824372759856633,0.9893210431654677
mDC_Non-Specific_1000,scGPT_human,mlp,803/1000,0.848151930583193,0.21758033725260048,0.3120567375886525,0.3120567375886525,0.21621621621621623,0.9973021582733813
mDC_Non-Specific_1000,v4_bias_rec_best,lr,803/1000,0.8495873513954794,0.1712432039452949,0.28368794326241137,0.28368794326241137,0.17486338797814208,0.9970773381294964
mDC_Non-Specific_1000,v4_bias_rec_best,mlp,803/1000,0.8774219985713557,0.22177737430715663,0.3049645390070922,0.3049645390070922,0.14634146341463414,0.9987634892086331
mDC_Non-Specific_1000,v4_plain_best,lr,803/1000,0.8632686935557936,0.18632198458032795,0.2553191489361702,0.2553191489361702,0.18579234972677597,0.9971897482014388
mDC_Non-Specific_1000,v4_plain_best,mlp,803/1000,0.8892473786927904,0.2616307898354722,0.3049645390070922,0.3049645390070922,0.22598870056497175,0.9982014388489209
mDC_Non-Specific_1000,v4_type_pe_best,lr,803/1000,0.8621788739221389,0.18393150619722395,0.24113475177304963,0.24113475177304963,0.20689655172413793,0.9983138489208633
mDC_Non-Specific_1000,v4_type_pe_best,mlp,803/1000,0.8913102230981174,0.24213949710957888,0.3049645390070922,0.3049645390070922,0.20809248554913296,0.9984262589928058
mDC_STRING_500,minus,lr,387/500,0.8384790163058005,0.27304176915668893,0.3333333333333333,0.3333333333333333,0.36065573770491804,0.9887730553327987
mDC_STRING_500,minus,mlp,387/500,0.7998641183284326,0.2156511596453388,0.2777777777777778,0.2777777777777778,0.05,0.9975942261427426
mDC_STRING_500,baseline,lr,387/500,0.795486946449256,0.19997540388531695,0.3055555555555556,0.3055555555555556,0.26229508196721313,0.9863672814755413
mDC_STRING_500,baseline,mlp,387/500,0.8650984585226766,0.4748890831512704,0.5277777777777778,0.5277777777777778,0.35555555555555557,0.9991980753809142
mDC_STRING_500,scGPT_human,lr,387/500,0.8475897710059699,0.32750807620304445,0.4444444444444444,0.4444444444444444,0.38461538461538464,0.9951884522854851
mDC_STRING_500,scGPT_human,mlp,387/500,0.8906486679141049,0.5008399888629561,0.5277777777777778,0.5277777777777778,0.391304347826087,0.9991980753809142
mDC_STRING_500,v4_bias_rec_best,lr,387/500,0.8272966230063262,0.3269328071934868,0.3611111111111111,0.3611111111111111,0.375,0.9871692060946271
mDC_STRING_500,v4_bias_rec_best,mlp,387/500,0.8625033413525794,0.3989867633194486,0.4444444444444444,0.4444444444444444,0.32653061224489793,0.9959903769045709
mDC_STRING_500,v4_plain_best,lr,387/500,0.861779381627016,0.3437485942302381,0.4444444444444444,0.4444444444444444,0.45714285714285713,0.9855653568564555
mDC_STRING_500,v4_plain_best,mlp,387/500,0.8971531676022454,0.5485690905243653,0.5,0.5,0.48,0.9983961507618284
mDC_STRING_500,v4_type_pe_best,lr,387/500,0.8351822150940035,0.2785957208291617,0.3333333333333333,0.3333333333333333,0.3389830508474576,0.9895749799518845
mDC_STRING_500,v4_type_pe_best,mlp,387/500,0.8860487391962933,0.4631910448657972,0.5277777777777778,0.5277777777777778,0.44,0.9975942261427426
mDC_STRING_1000,minus,lr,803/1000,0.897808717052321,0.3924804332077137,0.46543778801843316,0.46543778801843316,0.3401360544217687,0.9970159151193634
mDC_STRING_1000,minus,mlp,803/1000,0.8960334946847738,0.49122685960736295,0.5069124423963134,0.5069124423963134,0.4300341296928328,0.9985632183908046
mDC_STRING_1000,baseline,lr,803/1000,0.885424179083801,0.38541929166220484,0.4147465437788018,0.4147465437788018,0.323943661971831,0.9976790450928382
mDC_STRING_1000,baseline,mlp,803/1000,0.9093890444001679,0.5051265384606967,0.5023041474654378,0.5023041474654378,0.3819444444444444,0.9982316534040672
mDC_STRING_1000,scGPT_human,lr,803/1000,0.8763619120960611,0.35701304830302866,0.4055299539170507,0.4055299539170507,0.4032258064516129,0.9911582670203359
mDC_STRING_1000,scGPT_human,mlp,803/1000,0.9076680642309118,0.5517996375456294,0.5299539170506913,0.5299539170506913,0.5481927710843374,0.9973474801061007
mDC_STRING_1000,v4_bias_rec_best,lr,803/1000,0.8932067885766439,0.37328154609266384,0.43317972350230416,0.43317972350230416,0.33112582781456956,0.996131741821397
mDC_STRING_1000,v4_bias_rec_best,mlp,803/1000,0.8973465124049106,0.4655294898792424,0.4792626728110599,0.4792626728110599,0.46645367412140576,0.9974580017683466
mDC_STRING_1000,v4_plain_best,lr,803/1000,0.8909594298915767,0.37893727615365,0.42857142857142855,0.42857142857142855,0.32764505119453924,0.9969053934571176
mDC_STRING_1000,v4_plain_best,mlp,803/1000,0.9085102189245682,0.520225104371763,0.5529953917050692,0.5529953917050692,0.4873417721518987,0.9975685234305924
mDC_STRING_1000,v4_type_pe_best,lr,803/1000,0.9003552991317174,0.4297026385266779,0.46543778801843316,0.46543778801843316,0.3624161073825503,0.9970159151193634
mDC_STRING_1000,v4_type_pe_best,mlp,803/1000,0.9136802898621585,0.517181510419212,0.5622119815668203,0.5622119815668203,0.4888888888888889,0.9976790450928382
mHSC-E_Specific_500,minus,lr,457/500,0.7856899985427698,0.6991083284199536,0.6638655462184874,0.6638655462184874,0.6609442060085837,0.7861271676300579
mHSC-E_Specific_500,minus,mlp,457/500,0.851842181959489,0.8063693284045579,0.6932773109243697,0.6932773109243697,0.7276264591439688,0.7427745664739884
mHSC-E_Specific_500,baseline,lr,457/500,0.8079977655802205,0.7446249536460932,0.6596638655462185,0.6596638655462185,0.6706827309236948,0.7312138728323699
mHSC-E_Specific_500,baseline,mlp,457/500,0.8554306115509787,0.8053087298329555,0.7184873949579832,0.7184873949579832,0.7251461988304093,0.7427745664739884
mHSC-E_Specific_500,scGPT_human,lr,457/500,0.7572982950405596,0.6831228713327998,0.6176470588235294,0.6176470588235294,0.6419753086419753,0.7341040462427746
mHSC-E_Specific_500,scGPT_human,mlp,457/500,0.8574889493369603,0.8191208666836722,0.7142857142857143,0.7142857142857143,0.7050691244239631,0.8757225433526011
mHSC-E_Specific_500,v4_bias_rec_best,lr,457/500,0.8064798173604701,0.7449394150565689,0.6554621848739496,0.6554621848739496,0.6556701030927835,0.7456647398843931
mHSC-E_Specific_500,v4_bias_rec_best,mlp,457/500,0.8664084130762131,0.8185242673492815,0.7352941176470589,0.7352941176470589,0.7475538160469667,0.7630057803468208
mHSC-E_Specific_500,v4_plain_best,lr,457/500,0.7893816486132026,0.7255011202424144,0.6554621848739496,0.6554621848739496,0.6554621848739496,0.7630057803468208
mHSC-E_Specific_500,v4_plain_best,mlp,457/500,0.8596930101520377,0.8108387323659626,0.726890756302521,0.726890756302521,0.7149321266968326,0.8670520231213873
mHSC-E_Specific_500,v4_type_pe_best,lr,457/500,0.8071234274056444,0.7594488950117333,0.6722689075630253,0.6722689075630253,0.6736842105263158,0.7774566473988439
mHSC-E_Specific_500,v4_type_pe_best,mlp,457/500,0.8572582212075582,0.8165276791907181,0.7352941176470589,0.7352941176470589,0.7252747252747253,0.8497109826589595
mHSC-E_Specific_1000,minus,lr,917/1000,0.8943087424590287,0.8875661318018189,0.8013422818791947,0.8013422818791947,0.8044112877067792,0.768220617202889
mHSC-E_Specific_1000,minus,mlp,917/1000,0.8971418121246041,0.8924868482778209,0.8060402684563759,0.8060402684563759,0.8120052770448549,0.7957977675640184
mHSC-E_Specific_1000,baseline,lr,917/1000,0.8916136026122937,0.8840876235864408,0.7973154362416107,0.7973154362416107,0.8020901371652515,0.7741300065659882
mHSC-E_Specific_1000,baseline,mlp,917/1000,0.8889805972845892,0.8735449660700259,0.7939597315436242,0.7939597315436242,0.7990777338603425,0.7813525935653316
mHSC-E_Specific_1000,scGPT_human,lr,917/1000,0.8915435360270043,0.8877069996090836,0.7939597315436242,0.7939597315436242,0.7960461285008237,0.7787261982928431
mHSC-E_Specific_1000,scGPT_human,mlp,917/1000,0.9001958779695671,0.8933921470714574,0.8140939597315436,0.8140939597315436,0.8179401993355482,0.8102429415627052
mHSC-E_Specific_1000,v4_bias_rec_best,lr,917/1000,0.8941263049350674,0.8841815514619686,0.8033557046979866,0.8033557046979866,0.8075668623613829,0.778069599474721
mHSC-E_Specific_1000,v4_bias_rec_best,mlp,917/1000,0.8990439656805934,0.8903065917353203,0.812751677852349,0.812751677852349,0.8181229773462784,0.7793827971109653
mHSC-E_Specific_1000,v4_plain_best,lr,917/1000,0.8944316894860463,0.8845454738926168,0.8040268456375839,0.8040268456375839,0.807904114026563,0.7701904136572554
mHSC-E_Specific_1000,v4_plain_best,mlp,917/1000,0.8909748509432548,0.8835804217579053,0.7926174496644295,0.7926174496644295,0.7948378557246857,0.7826657912015759
mHSC-E_Specific_1000,v4_type_pe_best,lr,917/1000,0.8921662032283509,0.8827813864330557,0.8013422818791947,0.8013422818791947,0.8060959792477302,0.7695338148391333
mHSC-E_Specific_1000,v4_type_pe_best,mlp,917/1000,0.8960844236252186,0.8899864428679933,0.8013422818791947,0.8013422818791947,0.8086785009861933,0.788575180564675
mHSC-E_Non-Specific_500,minus,lr,457/500,0.8057272657363753,0.17582419580957206,0.23943661971830985,0.23943661971830985,0.20155038759689922,0.9811003779924401
mHSC-E_Non-Specific_500,minus,mlp,457/500,0.8655139573264874,0.3201559221907648,0.30985915492957744,0.30985915492957744,0.25,0.997480050398992
mHSC-E_Non-Specific_500,baseline,lr,457/500,0.7961236549916889,0.15195786678973963,0.22535211267605634,0.22535211267605634,0.2047244094488189,0.9819403611927762
mHSC-E_Non-Specific_500,baseline,mlp,457/500,0.8628402079845726,0.2530710458451468,0.2535211267605634,0.2535211267605634,0.14285714285714285,0.997060058798824
mHSC-E_Non-Specific_500,scGPT_human,lr,457/500,0.8395927856090766,0.2404697654249228,0.23943661971830985,0.23943661971830985,0.25862068965517243,0.9874002519949601
mHSC-E_Non-Specific_500,scGPT_human,mlp,457/500,0.8671495584172824,0.27997989368670484,0.323943661971831,0.323943661971831,0.24719101123595505,0.997060058798824
mHSC-E_Non-Specific_500,v4_bias_rec_best,lr,457/500,0.8492792115988665,0.1729323081495394,0.19718309859154928,0.19718309859154928,0.16296296296296298,0.9777404451910962
mHSC-E_Non-Specific_500,v4_bias_rec_best,mlp,457/500,0.8724852263518109,0.30047099124252946,0.2676056338028169,0.2676056338028169,0.21428571428571427,0.998320033599328
mHSC-E_Non-Specific_500,v4_plain_best,lr,457/500,0.8272385256520223,0.14042775290830312,0.2112676056338028,0.2112676056338028,0.2074074074074074,0.9790004199916001
mHSC-E_Non-Specific_500,v4_plain_best,mlp,457/500,0.8634199147002974,0.2683381189545422,0.29577464788732394,0.29577464788732394,0.125,0.998320033599328
mHSC-E_Non-Specific_500,v4_type_pe_best,lr,457/500,0.8173953422340005,0.2318409174231396,0.28169014084507044,0.28169014084507044,0.2773722627737226,0.9802603947921041
mHSC-E_Non-Specific_500,v4_type_pe_best,mlp,457/500,0.833328403854458,0.2516161003033851,0.2535211267605634,0.2535211267605634,0.2247191011235955,0.996640067198656
mHSC-E_Non-Specific_1000,minus,lr,917/1000,0.8663275679286658,0.22598578013428972,0.30687830687830686,0.30687830687830686,0.25660377358490566,0.9961573650503203
mHSC-E_Non-Specific_1000,minus,mlp,917/1000,0.8694406928167221,0.3129488449474901,0.3492063492063492,0.3492063492063492,0.3107569721115538,0.9978956999085087
mHSC-E_Non-Specific_1000,baseline,lr,917/1000,0.8651749710761604,0.22804329243244498,0.2962962962962963,0.2962962962962963,0.23166023166023167,0.9963403476669717
mHSC-E_Non-Specific_1000,baseline,mlp,917/1000,0.879257371343373,0.2926688545387244,0.31746031746031744,0.31746031746031744,0.31620553359683795,0.9978042086001829
mHSC-E_Non-Specific_1000,scGPT_human,lr,917/1000,0.8288388833219574,0.20077555326355628,0.25925925925925924,0.25925925925925924,0.24437299035369775,0.9923147301006404
mHSC-E_Non-Specific_1000,scGPT_human,mlp,917/1000,0.878038939475353,0.3099179667678892,0.3386243386243386,0.3386243386243386,0.2926829268292683,0.9980786825251601
mHSC-E_Non-Specific_1000,v4_bias_rec_best,lr,917/1000,0.8525549794991698,0.19764552696232265,0.25925925925925924,0.25925925925925924,0.22794117647058823,0.9952424519670632
mHSC-E_Non-Specific_1000,v4_bias_rec_best,mlp,917/1000,0.8649503574938158,0.27768183153531334,0.2962962962962963,0.2962962962962963,0.3076923076923077,0.9981701738334858
mHSC-E_Non-Specific_1000,v4_plain_best,lr,917/1000,0.8496771179753796,0.18517786127642064,0.2698412698412698,0.2698412698412698,0.19923371647509577,0.9957913998170174
mHSC-E_Non-Specific_1000,v4_plain_best,mlp,917/1000,0.870762960058477,0.2461278724259924,0.291005291005291,0.291005291005291,0.11764705882352941,0.9997255260750229
mHSC-E_Non-Specific_1000,v4_type_pe_best,lr,917/1000,0.8621509170914478,0.21295178775503762,0.2804232804232804,0.2804232804232804,0.1968503937007874,0.9963403476669717
mHSC-E_Non-Specific_1000,v4_type_pe_best,mlp,917/1000,0.8721103995120463,0.30913076149025,0.31216931216931215,0.31216931216931215,0.3424124513618677,0.9978042086001829
mHSC-E_STRING_500,minus,lr,457/500,0.9206030329880738,0.4640187777446805,0.5072463768115942,0.5072463768115942,0.528,0.9919184820801125
mHSC-E_STRING_500,minus,mlp,457/500,0.9355260879749865,0.6376778434601936,0.5652173913043478,0.5652173913043478,0.5208333333333334,0.9992972593113141
mHSC-E_STRING_500,baseline,lr,457/500,0.8831693605059734,0.45116246926277376,0.463768115942029,0.463768115942029,0.3898305084745763,0.9908643710470836
mHSC-E_STRING_500,baseline,mlp,457/500,0.9137182111684845,0.6208564138800141,0.5652173913043478,0.5652173913043478,0.54,0.9985945186226283
mHSC-E_STRING_500,scGPT_human,lr,457/500,0.8955589843869353,0.5261205830264217,0.5362318840579711,0.5362318840579711,0.5546218487394958,0.9940267041461701
mHSC-E_STRING_500,scGPT_human,mlp,457/500,0.9226781549492296,0.6038879205999835,0.5507246376811594,0.5507246376811594,0.5686274509803921,0.9985945186226283
mHSC-E_STRING_500,v4_bias_rec_best,lr,457/500,0.8843355026632853,0.5368462678551108,0.5507246376811594,0.5507246376811594,0.5565217391304348,0.9950808151791989
mHSC-E_STRING_500,v4_bias_rec_best,mlp,457/500,0.8815525476896127,0.6269027895488787,0.5652173913043478,0.5652173913043478,0.5904761904761905,0.9982431482782853
mHSC-E_STRING_500,v4_plain_best,lr,457/500,0.8905023068226956,0.5310172379431972,0.5217391304347826,0.5217391304347826,0.5365853658536586,0.9926212227687983
mHSC-E_STRING_500,v4_plain_best,mlp,457/500,0.9200123234236712,0.6239100732148432,0.5797101449275363,0.5797101449275363,0.4842105263157895,0.9989458889669712
mHSC-E_STRING_500,v4_type_pe_best,lr,457/500,0.8647300559137158,0.46639955284704226,0.5362318840579711,0.5362318840579711,0.5714285714285714,0.9926212227687983
mHSC-E_STRING_500,v4_type_pe_best,mlp,457/500,0.9023164981107479,0.5979581132699737,0.5217391304347826,0.5217391304347826,0.5106382978723404,0.999648629655657
mHSC-E_STRING_1000,minus,lr,917/1000,0.8872129635323781,0.4797718524076788,0.4900990099009901,0.4900990099009901,0.4840764331210191,0.9970186335403727
mHSC-E_STRING_1000,minus,mlp,917/1000,0.8978283418403953,0.5575098904187347,0.5445544554455446,0.5445544554455446,0.5165562913907285,0.9981780538302277
mHSC-E_STRING_1000,baseline,lr,917/1000,0.8848420556341348,0.4495913362601702,0.49504950495049505,0.49504950495049505,0.47318611987381703,0.9966873706004141
mHSC-E_STRING_1000,baseline,mlp,917/1000,0.8943937437221983,0.5324505611931785,0.5198019801980198,0.5198019801980198,0.5307443365695793,0.9979296066252588
mHSC-E_STRING_1000,scGPT_human,lr,917/1000,0.8822325400241887,0.42880870474604565,0.42574257425742573,0.42574257425742573,0.43799472295514513,0.9922153209109731
mHSC-E_STRING_1000,scGPT_human,mlp,917/1000,0.8965883606994239,0.5699416955437331,0.5495049504950495,0.5495049504950495,0.5932721712538226,0.9976811594202899
mHSC-E_STRING_1000,v4_bias_rec_best,lr,917/1000,0.8795225795871513,0.4370819048880351,0.4405940594059406,0.4405940594059406,0.4342105263157895,0.9970186335403727
mHSC-E_STRING_1000,v4_bias_rec_best,mlp,917/1000,0.8892923764426132,0.5080352009444449,0.5,0.5,0.5094339622641509,0.9971014492753624
mHSC-E_STRING_1000,v4_plain_best,lr,917/1000,0.8828179898735216,0.47542810656616596,0.49504950495049505,0.49504950495049505,0.48717948717948717,0.997184265010352
mHSC-E_STRING_1000,v4_plain_best,mlp,917/1000,0.88525121456245,0.5571197008146214,0.5396039603960396,0.5396039603960396,0.5602605863192183,0.9984265010351967
mHSC-E_STRING_1000,v4_type_pe_best,lr,917/1000,0.9002761207797797,0.48140194631417266,0.5,0.5,0.4752475247524752,0.9975983436853002
mHSC-E_STRING_1000,v4_type_pe_best,mlp,917/1000,0.9089420494844515,0.5608577890230678,0.5297029702970297,0.5297029702970297,0.5796178343949044,0.9982608695652174
mHSC-GM_Specific_500,minus,lr,449/500,0.7660830384952673,0.8009234943343202,0.7306843267108167,0.7306843267108167,0.7430406852248393,0.6328767123287671
mHSC-GM_Specific_500,minus,mlp,449/500,0.7915963591278843,0.8276363633868943,0.7461368653421634,0.7461368653421634,0.7648902821316614,0.6219178082191781
mHSC-GM_Specific_500,baseline,lr,449/500,0.7525477032870664,0.7820637630239766,0.7152317880794702,0.7152317880794702,0.7227615965480043,0.6191780821917808
mHSC-GM_Specific_500,baseline,mlp,449/500,0.7683721914784238,0.7984151686649189,0.7439293598233996,0.7439293598233996,0.7436743674367436,0.6767123287671233
mHSC-GM_Specific_500,scGPT_human,lr,449/500,0.7337445946354592,0.7579843864889325,0.7086092715231788,0.7086092715231788,0.7105263157894737,0.6301369863013698
mHSC-GM_Specific_500,scGPT_human,mlp,449/500,0.7882518370679488,0.8310442181300202,0.7350993377483444,0.7350993377483444,0.7492195629552549,0.5945205479452055
mHSC-GM_Specific_500,v4_bias_rec_best,lr,449/500,0.7705645770963742,0.7834817088674414,0.7350993377483444,0.7350993377483444,0.7494692144373672,0.6273972602739726
mHSC-GM_Specific_500,v4_bias_rec_best,mlp,449/500,0.7821494450996401,0.8145550708224987,0.7350993377483444,0.7350993377483444,0.762993762993763,0.6109589041095891
mHSC-GM_Specific_500,v4_plain_best,lr,449/500,0.7461489612628142,0.7726913664562479,0.717439293598234,0.717439293598234,0.7276641550053822,0.6219178082191781
mHSC-GM_Specific_500,v4_plain_best,mlp,449/500,0.7658804318243673,0.800888464472951,0.7262693156732892,0.7262693156732892,0.7268770402611534,0.6383561643835617
mHSC-GM_Specific_500,v4_type_pe_best,lr,449/500,0.7510205933049079,0.7885794881475883,0.7196467991169978,0.7196467991169978,0.7439916405433646,0.5945205479452055
mHSC-GM_Specific_500,v4_type_pe_best,mlp,449/500,0.7725150443013094,0.8107836608059569,0.7417218543046358,0.7417218543046358,0.755741127348643,0.6082191780821918
mHSC-GM_Specific_1000,minus,lr,895/1000,0.8692042027112128,0.852542191082623,0.775811209439528,0.775811209439528,0.7796024200518582,0.7623595505617977
mHSC-GM_Specific_1000,minus,mlp,895/1000,0.870568260912797,0.8615683911786418,0.7805309734513274,0.7805309734513274,0.7767511177347243,0.799438202247191
mHSC-GM_Specific_1000,baseline,lr,895/1000,0.8683570315866228,0.8543992500853237,0.7752212389380531,0.7752212389380531,0.7845586148169174,0.749438202247191
mHSC-GM_Specific_1000,baseline,mlp,895/1000,0.8677287792913725,0.8595251417533344,0.7775811209439528,0.7775811209439528,0.7678787878787878,0.8101123595505618
mHSC-GM_Specific_1000,scGPT_human,lr,895/1000,0.8643329687448214,0.8460081639004378,0.7687315634218289,0.7687315634218289,0.7705677867902665,0.7601123595505618
mHSC-GM_Specific_1000,scGPT_human,mlp,895/1000,0.874681647940075,0.8668651316260526,0.7823008849557522,0.7823008849557522,0.783146729522687,0.7921348314606742
mHSC-GM_Specific_1000,v4_bias_rec_best,lr,895/1000,0.8627612608133639,0.8465046572235451,0.7687315634218289,0.7687315634218289,0.7754041570438799,0.7606741573033707
mHSC-GM_Specific_1000,v4_bias_rec_best,mlp,895/1000,0.8745747572171954,0.8613085993939115,0.7769911504424779,0.7769911504424779,0.7943064471113592,0.7387640449438202
mHSC-GM_Specific_1000,v4_plain_best,lr,895/1000,0.8692280666865534,0.8494887668354375,0.776401179941003,0.776401179941003,0.784549356223176,0.7589887640449439
mHSC-GM_Specific_1000,v4_plain_best,mlp,895/1000,0.8741372510026184,0.8591580036402755,0.7811209439528024,0.7811209439528024,0.7930146006298311,0.7679775280898876
mHSC-GM_Specific_1000,v4_type_pe_best,lr,895/1000,0.8662669450797122,0.8483005367841576,0.7716814159292036,0.7716814159292036,0.7808535178777394,0.7646067415730337
mHSC-GM_Specific_1000,v4_type_pe_best,mlp,895/1000,0.8749799476318318,0.857653289240893,0.7828908554572271,0.7828908554572271,0.799442119944212,0.7432584269662922
mHSC-GM_Non-Specific_500,minus,lr,449/500,0.7840176812057305,0.191436552877077,0.22727272727272727,0.22727272727272727,0.2077922077922078,0.9853544229642648
mHSC-GM_Non-Specific_500,minus,mlp,449/500,0.8330271076316769,0.1862631355000402,0.22727272727272727,0.22727272727272727,0.0,0.9994141769185706
mHSC-GM_Non-Specific_500,baseline,lr,449/500,0.7901688235607393,0.20401855635030647,0.25,0.25,0.24691358024691357,0.984182776801406
mHSC-GM_Non-Specific_500,baseline,mlp,449/500,0.7490546945731479,0.09416475112990792,0.11363636363636363,0.11363636363636363,0.0,1.0
mHSC-GM_Non-Specific_500,scGPT_human,lr,449/500,0.799155882196304,0.2566405422931316,0.2727272727272727,0.2727272727272727,0.2702702702702703,0.9882835383714118
mHSC-GM_Non-Specific_500,scGPT_human,mlp,449/500,0.7960869680992704,0.2832415597766582,0.2727272727272727,0.2727272727272727,0.19607843137254902,0.9988283538371412
mHSC-GM_Non-Specific_500,v4_bias_rec_best,lr,449/500,0.8114581669063214,0.1632507915421252,0.25,0.25,0.22784810126582278,0.9847685998828354
mHSC-GM_Non-Specific_500,v4_bias_rec_best,mlp,449/500,0.7611306385471587,0.11007813395506144,0.045454545454545456,0.045454545454545456,0.0,1.0
mHSC-GM_Non-Specific_500,v4_plain_best,lr,449/500,0.7979043510677957,0.20921386522670818,0.2727272727272727,0.2727272727272727,0.25882352941176473,0.9824253075571178
mHSC-GM_Non-Specific_500,v4_plain_best,mlp,449/500,0.7391023592693189,0.06697401504971609,0.06818181818181818,0.06818181818181818,0.0,1.0
mHSC-GM_Non-Specific_500,v4_type_pe_best,lr,449/500,0.7735660648665921,0.19368248757565598,0.20454545454545456,0.20454545454545456,0.19148936170212766,0.9759812536613942
mHSC-GM_Non-Specific_500,v4_type_pe_best,mlp,449/500,0.750659050966608,0.09976430539561491,0.06818181818181818,0.06818181818181818,0.0,1.0
mHSC-GM_Non-Specific_1000,minus,lr,895/1000,0.8188704827966432,0.22695829892927386,0.2746478873239437,0.2746478873239437,0.26595744680851063,0.9980883022303141
mHSC-GM_Non-Specific_1000,minus,mlp,895/1000,0.8521960163346946,0.2823124859044994,0.2887323943661972,0.2887323943661972,0.26285714285714284,0.999089667728721
mHSC-GM_Non-Specific_1000,baseline,lr,895/1000,0.8385509689910057,0.20542328461076942,0.2605633802816901,0.2605633802816901,0.2087912087912088,0.9980883022303141
mHSC-GM_Non-Specific_1000,baseline,mlp,895/1000,0.8459765877925723,0.2552449877613779,0.2746478873239437,0.2746478873239437,0.23668639053254437,0.9993627674101047
mHSC-GM_Non-Specific_1000,scGPT_human,lr,895/1000,0.8174408764832968,0.18026694517579536,0.2676056338028169,0.2676056338028169,0.2548262548262548,0.9923532089212562
mHSC-GM_Non-Specific_1000,scGPT_human,mlp,895/1000,0.850994954707764,0.30113736694010024,0.31690140845070425,0.31690140845070425,0.29069767441860467,0.9995448338643604
mHSC-GM_Non-Specific_1000,v4_bias_rec_best,lr,895/1000,0.8526232955310378,0.23509337166368366,0.2605633802816901,0.2605633802816901,0.22826086956521738,0.9980883022303141
mHSC-GM_Non-Specific_1000,v4_bias_rec_best,mlp,895/1000,0.8653410220082443,0.2378463375752097,0.2605633802816901,0.2605633802816901,0.2967032967032967,0.9988165680473373
mHSC-GM_Non-Specific_1000,v4_plain_best,lr,895/1000,0.8291707001224461,0.21137979428645837,0.23943661971830985,0.23943661971830985,0.22950819672131148,0.998179335457442
mHSC-GM_Non-Specific_1000,v4_plain_best,mlp,895/1000,0.8397837640316181,0.28619414369106855,0.29577464788732394,0.29577464788732394,0.28402366863905326,0.9997269003186163
mHSC-GM_Non-Specific_1000,v4_type_pe_best,lr,895/1000,0.8512622846775695,0.23525228579595003,0.2746478873239437,0.2746478873239437,0.2430939226519337,0.9984524351388256
mHSC-GM_Non-Specific_1000,v4_type_pe_best,mlp,895/1000,0.8479472648361721,0.2519713457502763,0.24647887323943662,0.24647887323943662,0.22085889570552147,0.9997269003186163
mHSC-GM_STRING_500,minus,lr,449/500,0.8634065789340384,0.20257376744362607,0.28205128205128205,0.28205128205128205,0.2807017543859649,0.9960489924930858
mHSC-GM_STRING_500,minus,mlp,449/500,0.8589540973974005,0.26862461866681786,0.41025641025641024,0.41025641025641024,0.04878048780487805,0.9996048992493086
mHSC-GM_STRING_500,baseline,lr,449/500,0.8667396083437174,0.12907006603174087,0.23076923076923078,0.23076923076923078,0.2,0.9940734887396286
mHSC-GM_STRING_500,baseline,mlp,449/500,0.7180449604392709,0.15298697841225528,0.15384615384615385,0.15384615384615385,0.0,1.0
mHSC-GM_STRING_500,scGPT_human,lr,449/500,0.8532859212432503,0.28590417775657356,0.3076923076923077,0.3076923076923077,0.21739130434782608,0.9992097984986171
mHSC-GM_STRING_500,scGPT_human,mlp,449/500,0.7732830846224763,0.1912806302761616,0.15384615384615385,0.15384615384615385,0.0975609756097561,1.0
mHSC-GM_STRING_500,v4_bias_rec_best,lr,449/500,0.8103617704565946,0.15827633555326406,0.23076923076923078,0.23076923076923078,0.17857142857142858,0.9952587909917029
mHSC-GM_STRING_500,v4_bias_rec_best,mlp,449/500,0.8439149418999281,0.28618639990500344,0.3333333333333333,0.3333333333333333,0.14285714285714285,1.0
mHSC-GM_STRING_500,v4_plain_best,lr,449/500,0.8445025276317254,0.24091379558874368,0.28205128205128205,0.28205128205128205,0.25925925925925924,0.9968391939944686
mHSC-GM_STRING_500,v4_plain_best,mlp,449/500,0.7943956478132693,0.17681437651052245,0.2564102564102564,0.2564102564102564,0.04878048780487805,0.9996048992493086
mHSC-GM_STRING_500,v4_type_pe_best,lr,449/500,0.8495983142367971,0.1440437940137722,0.23076923076923078,0.23076923076923078,0.11320754716981132,0.9956538917423943
mHSC-GM_STRING_500,v4_type_pe_best,mlp,449/500,0.8488283743123727,0.2182976391645252,0.28205128205128205,0.28205128205128205,0.04878048780487805,0.9996048992493086
mHSC-GM_STRING_1000,minus,lr,895/1000,0.8537540770369983,0.3461891448318449,0.3262411347517731,0.3262411347517731,0.39408866995073893,0.9983159828536436
mHSC-GM_STRING_1000,minus,mlp,895/1000,0.8942334627561855,0.43324670632107926,0.41843971631205673,0.41843971631205673,0.4444444444444444,0.9995407225964482
mHSC-GM_STRING_1000,baseline,lr,895/1000,0.8647371044025485,0.3492445618980498,0.3900709219858156,0.3900709219858156,0.34554973821989526,0.99869871402327
mHSC-GM_STRING_1000,baseline,mlp,895/1000,0.8770537191697827,0.42113456903291036,0.45390070921985815,0.45390070921985815,0.42,0.99869871402327
mHSC-GM_STRING_1000,scGPT_human,lr,895/1000,0.8651019204961499,0.3189322104848038,0.3617021276595745,0.3617021276595745,0.36678200692041524,0.9927281077770974
mHSC-GM_STRING_1000,scGPT_human,mlp,895/1000,0.8743023977972058,0.3703088680439428,0.3900709219858156,0.3900709219858156,0.37158469945355194,0.9993876301285977
mHSC-GM_STRING_1000,v4_bias_rec_best,lr,895/1000,0.8443242324747126,0.29381269898731044,0.3049645390070922,0.3049645390070922,0.3333333333333333,0.998162890385793
mHSC-GM_STRING_1000,v4_bias_rec_best,mlp,895/1000,0.8643226146890594,0.38296992122519363,0.3617021276595745,0.3617021276595745,0.3850267379679144,0.9992345376607471
mHSC-GM_STRING_1000,v4_plain_best,lr,895/1000,0.8603669116146152,0.36592413487054565,0.36879432624113473,0.36879432624113473,0.37623762376237624,0.9982394366197183
mHSC-GM_STRING_1000,v4_plain_best,mlp,895/1000,0.8584994006592748,0.3773694476307135,0.375886524822695,0.375886524822695,0.3157894736842105,0.9997703612982242
mHSC-GM_STRING_1000,v4_type_pe_best,lr,895/1000,0.8623505991235728,0.37159862132923477,0.3829787234042553,0.3829787234042553,0.4117647058823529,0.9983925290875689
mHSC-GM_STRING_1000,v4_type_pe_best,mlp,895/1000,0.8923328360542534,0.4358229671772561,0.425531914893617,0.425531914893617,0.4397905759162304,0.9993876301285977
mHSC-L_Specific_500,minus,lr,442/500,0.7864499532495148,0.822043445673509,0.7920433996383364,0.7920433996383364,0.7902097902097902,0.6351706036745407
mHSC-L_Specific_500,minus,mlp,442/500,0.7959092138799106,0.8418978538562276,0.7721518987341772,0.7721518987341772,0.7952421410365336,0.5905511811023622
mHSC-L_Specific_500,baseline,lr,442/500,0.7776741514905574,0.8205473908569112,0.7667269439421338,0.7667269439421338,0.777972027972028,0.6167979002624672
mHSC-L_Specific_500,baseline,mlp,442/500,0.7795370515394437,0.8275480011902989,0.7576853526220615,0.7576853526220615,0.7507002801120448,0.6955380577427821
mHSC-L_Specific_500,scGPT_human,lr,442/500,0.7370202142453712,0.7956697332311867,0.7341772151898734,0.7341772151898734,0.7344734473447345,0.6062992125984252
mHSC-L_Specific_500,scGPT_human,mlp,442/500,0.8032848742008515,0.8534009917294132,0.7721518987341772,0.7721518987341772,0.7857142857142857,0.6220472440944882
mHSC-L_Specific_500,v4_bias_rec_best,lr,442/500,0.7603076514169906,0.8109704643689628,0.7522603978300181,0.7522603978300181,0.7552083333333334,0.5695538057742782
mHSC-L_Specific_500,v4_bias_rec_best,mlp,442/500,0.8027295638678077,0.8473798463174953,0.779385171790235,0.779385171790235,0.7865168539325843,0.6089238845144357
mHSC-L_Specific_500,v4_plain_best,lr,442/500,0.7723892108423156,0.8147756621951983,0.759493670886076,0.759493670886076,0.7625772285966461,0.6115485564304461
mHSC-L_Specific_500,v4_plain_best,mlp,442/500,0.792714992904368,0.836579549439872,0.7721518987341772,0.7721518987341772,0.7802768166089965,0.6010498687664042
mHSC-L_Specific_500,v4_type_pe_best,lr,442/500,0.780071003782755,0.8197573080285931,0.7631103074141049,0.7631103074141049,0.7694974003466204,0.5879265091863517
mHSC-L_Specific_500,v4_type_pe_best,mlp,442/500,0.7956766480139349,0.8370151201110427,0.7721518987341772,0.7721518987341772,0.7887563884156729,0.5853018372703412
mHSC-L_Specific_1000,minus,lr,898/1000,0.8677147416350384,0.8905179373491666,0.8141086749285034,0.8141086749285034,0.8188137164040779,0.7198757763975155
mHSC-L_Specific_1000,minus,mlp,898/1000,0.871690873887583,0.8964655178647669,0.8141086749285034,0.8141086749285034,0.8110065170166546,0.7732919254658385
mHSC-L_Specific_1000,baseline,lr,898/1000,0.857100669670612,0.8814716811772108,0.8012392755004767,0.8012392755004767,0.8047772163527791,0.6869565217391305
mHSC-L_Specific_1000,baseline,mlp,898/1000,0.8564398806316575,0.881720744535788,0.8050524308865586,0.8050524308865586,0.8086710650329878,0.7329192546583851
mHSC-L_Specific_1000,scGPT_human,lr,898/1000,0.8543346517535186,0.8752305227581331,0.7998093422306959,0.7998093422306959,0.8048552754435108,0.7130434782608696
mHSC-L_Specific_1000,scGPT_human,mlp,898/1000,0.8639747112008478,0.8907084880618977,0.8102955195424214,0.8102955195424214,0.8132956152758133,0.739751552795031
mHSC-L_Specific_1000,v4_bias_rec_best,lr,898/1000,0.8551360656999568,0.8793552083103102,0.7959961868446139,0.7959961868446139,0.8081274532440544,0.7
mHSC-L_Specific_1000,v4_bias_rec_best,mlp,898/1000,0.8569915743476485,0.8832353941483748,0.8026692087702574,0.8026692087702574,0.8109349873650356,0.6956521739130435
mHSC-L_Specific_1000,v4_plain_best,lr,898/1000,0.860362871471795,0.8804223248489994,0.8050524308865586,0.8050524308865586,0.8126151012891344,0.7012422360248447
mHSC-L_Specific_1000,v4_plain_best,mlp,898/1000,0.8653846609311442,0.8860745756361312,0.8055290753098189,0.8055290753098189,0.8027764480612734,0.7496894409937889
mHSC-L_Specific_1000,v4_type_pe_best,lr,898/1000,0.8617809626441035,0.8825688444117281,0.8040991420400382,0.8040991420400382,0.809894640403115,0.6894409937888198
mHSC-L_Specific_1000,v4_type_pe_best,mlp,898/1000,0.8634959944105299,0.88587069431585,0.8079122974261201,0.8079122974261201,0.8158508158508159,0.7254658385093168
mHSC-L_Non-Specific_500,minus,lr,442/500,0.7909756413578647,0.1360028159904632,0.13725490196078433,0.13725490196078433,0.14814814814814814,0.986784140969163
mHSC-L_Non-Specific_500,minus,mlp,442/500,0.8313142437591778,0.24442287731531506,0.2549019607843137,0.2549019607843137,0.14285714285714285,0.9994493392070485
mHSC-L_Non-Specific_500,baseline,lr,442/500,0.7786343612334802,0.14551829852367976,0.19607843137254902,0.19607843137254902,0.19148936170212766,0.9812775330396476
mHSC-L_Non-Specific_500,baseline,mlp,442/500,0.7469335751921914,0.13445935155226482,0.1568627450980392,0.1568627450980392,0.07272727272727272,0.998898678414097
mHSC-L_Non-Specific_500,scGPT_human,lr,442/500,0.811781981515073,0.3058275913901154,0.29411764705882354,0.29411764705882354,0.3,0.9906387665198237
mHSC-L_Non-Specific_500,scGPT_human,mlp,442/500,0.8252245832253606,0.33248571656469955,0.37254901960784315,0.37254901960784315,0.2,0.9983480176211453
mHSC-L_Non-Specific_500,v4_bias_rec_best,lr,442/500,0.8113176988857218,0.24165924207525158,0.3333333333333333,0.3333333333333333,0.3010752688172043,0.9845814977973568
mHSC-L_Non-Specific_500,v4_bias_rec_best,mlp,442/500,0.7995054850133885,0.18834845844464423,0.23529411764705882,0.23529411764705882,0.10909090909090909,0.9994493392070485
mHSC-L_Non-Specific_500,v4_plain_best,lr,442/500,0.8084132331346636,0.29578361830586053,0.35294117647058826,0.35294117647058826,0.30434782608695654,0.9851321585903083
mHSC-L_Non-Specific_500,v4_plain_best,mlp,442/500,0.7799192364170338,0.14369882150298519,0.11764705882352941,0.11764705882352941,0.07407407407407407,0.9994493392070485
mHSC-L_Non-Specific_500,v4_type_pe_best,lr,442/500,0.8083484495119634,0.23627587874668213,0.2549019607843137,0.2549019607843137,0.28888888888888886,0.98568281938326
mHSC-L_Non-Specific_500,v4_type_pe_best,mlp,442/500,0.7559600932884167,0.16167907547022198,0.17647058823529413,0.17647058823529413,0.07407407407407407,0.9994493392070485
mHSC-L_Non-Specific_1000,minus,lr,898/1000,0.8195255443687965,0.1891334792255539,0.2484472049689441,0.2484472049689441,0.2028985507246377,0.9978110498205061
mHSC-L_Non-Specific_1000,minus,mlp,898/1000,0.8321072493135399,0.2676538916779895,0.3167701863354037,0.3167701863354037,0.2895927601809955,0.9975483757989668
mHSC-L_Non-Specific_1000,baseline,lr,898/1000,0.8287833080720325,0.15562565717446225,0.22981366459627328,0.22981366459627328,0.18095238095238095,0.9973732597846073
mHSC-L_Non-Specific_1000,baseline,mlp,898/1000,0.8380250285379282,0.1796389438092457,0.21739130434782608,0.21739130434782608,0.11494252873563218,0.9997373259784608
mHSC-L_Non-Specific_1000,scGPT_human,lr,898/1000,0.8129586938303148,0.17987320856287725,0.22981366459627328,0.22981366459627328,0.254416961130742,0.992470011382541
mHSC-L_Non-Specific_1000,scGPT_human,mlp,898/1000,0.8578952577821938,0.2521331180212204,0.2732919254658385,0.2732919254658385,0.14606741573033707,0.999649767971281
mHSC-L_Non-Specific_1000,v4_bias_rec_best,lr,898/1000,0.8143052380897997,0.1733761299277717,0.2608695652173913,0.2608695652173913,0.17647058823529413,0.9978110498205061
mHSC-L_Non-Specific_1000,v4_bias_rec_best,mlp,898/1000,0.8183280118730833,0.18197635623314615,0.21739130434782608,0.21739130434782608,0.11235955056179775,0.9993870939497417
mHSC-L_Non-Specific_1000,v4_plain_best,lr,898/1000,0.8201194160696679,0.21074151661494334,0.2360248447204969,0.2360248447204969,0.22110552763819097,0.9985990718851239
mHSC-L_Non-Specific_1000,v4_plain_best,mlp,898/1000,0.8485211126284207,0.2573854915100397,0.2484472049689441,0.2484472049689441,0.18681318681318682,0.999649767971281
mHSC-L_Non-Specific_1000,v4_type_pe_best,lr,898/1000,0.8394409122130368,0.19454849900223717,0.22981366459627328,0.22981366459627328,0.20095693779904306,0.9976359338061466
mHSC-L_Non-Specific_1000,v4_type_pe_best,mlp,898/1000,0.8466690704330749,0.22358073843349155,0.2484472049689441,0.2484472049689441,0.1827956989247312,0.9992995359425619
mHSC-L_STRING_500,minus,lr,442/500,0.8911800408893431,0.3321669223360365,0.358974358974359,0.358974358974359,0.4,0.9962624584717608
mHSC-L_STRING_500,minus,mlp,442/500,0.8372039781923503,0.34019491804240537,0.3333333333333333,0.3333333333333333,0.14285714285714285,1.0
mHSC-L_STRING_500,baseline,lr,442/500,0.8558703893006219,0.3068079862908859,0.41025641025641024,0.41025641025641024,0.4126984126984127,0.9954318936877077
mHSC-L_STRING_500,baseline,mlp,442/500,0.8273277110486413,0.3393441242420533,0.3333333333333333,0.3333333333333333,0.22727272727272727,1.0
mHSC-L_STRING_500,scGPT_human,lr,442/500,0.8570310503450038,0.4180437425988168,0.358974358974359,0.358974358974359,0.4827586206896552,0.9979235880398671
mHSC-L_STRING_500,scGPT_human,mlp,442/500,0.8756921373200444,0.4494702992278511,0.41025641025641024,0.41025641025641024,0.39215686274509803,0.9991694352159468
mHSC-L_STRING_500,v4_bias_rec_best,lr,442/500,0.870692776216032,0.3316028748374149,0.38461538461538464,0.38461538461538464,0.375,0.9946013289036545
mHSC-L_STRING_500,v4_bias_rec_best,mlp,442/500,0.8933469631144051,0.4885987642284331,0.4358974358974359,0.4358974358974359,0.3404255319148936,1.0
mHSC-L_STRING_500,v4_plain_best,lr,442/500,0.8750585654655422,0.36598653847932316,0.41025641025641024,0.41025641025641024,0.3870967741935484,0.9954318936877077
mHSC-L_STRING_500,v4_plain_best,mlp,442/500,0.8655390152483174,0.4185560399158816,0.4358974358974359,0.4358974358974359,0.17777777777777778,0.9991694352159468
mHSC-L_STRING_500,v4_type_pe_best,lr,442/500,0.8492578158275832,0.48778729717063,0.48717948717948717,0.48717948717948717,0.4827586206896552,0.9979235880398671
mHSC-L_STRING_500,v4_type_pe_best,mlp,442/500,0.8394720589488032,0.32397664075610305,0.38461538461538464,0.38461538461538464,0.0,1.0
mHSC-L_STRING_1000,minus,lr,898/1000,0.8639588029656575,0.32318479184389676,0.34146341463414637,0.34146341463414637,0.32558139534883723,0.9989422186962845
mHSC-L_STRING_1000,minus,mlp,898/1000,0.8896680485547419,0.3908417603436837,0.4024390243902439,0.4024390243902439,0.39631336405529954,0.9993388866851778
mHSC-L_STRING_1000,baseline,lr,898/1000,0.8566454384793749,0.29751864163811326,0.34146341463414637,0.34146341463414637,0.2938388625592417,0.9989422186962845
mHSC-L_STRING_1000,baseline,mlp,898/1000,0.8628427711290203,0.3671606120197786,0.36585365853658536,0.36585365853658536,0.4266666666666667,0.9991405526907312
mHSC-L_STRING_1000,scGPT_human,lr,898/1000,0.857329126395191,0.322515213464589,0.3719512195121951,0.3719512195121951,0.375886524822695,0.9957027634536559
mHSC-L_STRING_1000,scGPT_human,mlp,898/1000,0.861533242712435,0.31469983487496217,0.34146341463414637,0.34146341463414637,0.26262626262626265,0.9994711093481423
mHSC-L_STRING_1000,v4_bias_rec_best,lr,898/1000,0.8571380485224923,0.2616655793225046,0.34146341463414637,0.34146341463414637,0.2524271844660194,0.9989422186962845
mHSC-L_STRING_1000,v4_bias_rec_best,mlp,898/1000,0.8728664986471364,0.2998133446890928,0.32926829268292684,0.32926829268292684,0.2815533980582524,0.9991405526907312
mHSC-L_STRING_1000,v4_plain_best,lr,898/1000,0.8584497940873895,0.28600898828178833,0.31097560975609756,0.31097560975609756,0.2897196261682243,0.998743884701838
mHSC-L_STRING_1000,v4_plain_best,mlp,898/1000,0.871312277680492,0.35550696255845254,0.38414634146341464,0.38414634146341464,0.3300970873786408,0.9994711093481423
mHSC-L_STRING_1000,v4_type_pe_best,lr,898/1000,0.8773217574004379,0.305401200057894,0.35365853658536583,0.35365853658536583,0.3105022831050228,0.9986116620388734
mHSC-L_STRING_1000,v4_type_pe_best,mlp,898/1000,0.8801510402053643,0.33612812851202856,0.32926829268292684,0.32926829268292684,0.3925233644859813,0.9994711093481423
